employee_id,first_name,last_name,gender,position,department_id,contact,salary,hire_date
EMP-102854,Andrew,Shelton,M,Health Information Manager,,267.679.6335,76077.17,2010-07-06
EMP-102977,Andrea,Mitchell,F,Medical Coder,DEP-006,527-267-3895,42508.65,2015-01-22
EMP-104890,Tiffany,Brown,F,HR Coordinator,DEP-013,+1-531-245-4398x8187,62469.49,2025-06-22
EMP-105129,John,Tyler,M,Hospital Administrator,DEP-009,(966)778-7624,99764.28,2007-09-06
EMP-105732,Jeffrey,Robinson,M,HR Coordinator,,346.705.9698x0082,51512.64,2009-07-02
EMP-106933,Stephanie,Jimenez,F,Supply Chain Coordinator,DEP-018,+1-264-991-4297x280,49027.45,2017-04-10
EMP-109612,Robert,Johnson,NB,Facilities Manager,,+1-619-196-8024,72876.24,2023-02-02
EMP-115709,James,Parker,M,Facilities Manager,DEP-018,834-303-4055x89974,52149.7,2015-12-15
EMP-119359,Alex,Oliver,M,Patient Services Coordinator,DEP-001,761-117-6149x151,44055.32,2012-06-29
EMP-124119,Kelly,Greer,F,IT Analyst,DEP-011,010-922-8975x161,72580.66,2016-12-11
EMP-124955,Alicia,Hawkins,F,Hospital Administrator,DEP-004,(473)896-3272x23156,148499.7,2012-12-30
EMP-127049,Stephen,Boyer,M,Quality Assurance Analyst,DEP-013,(857)611-2418x072,63544.2,2011-06-05
EMP-127435,James,Hampton,M,Supply Chain Coordinator,DEP-017,589.976.8452,54854.62,2017-04-03
EMP-128086,Heather,Morales,F,Compliance Officer,DEP-019,896.043.9078,88336.78,2006-09-19
EMP-128139,Richard,Freeman,M,IT Analyst,DEP-014,413.353.7783x92756,69251.83,2012-09-03
EMP-129293,Cody,Rodriguez,M,IT Analyst,DEP-011,233.840.9481x284,85469.46,2025-10-28
EMP-130234,Melissa,Martin,NB,Medical Receptionist,DEP-001,748.653.1595x069,42972.08,2023-01-31
EMP-133852,Kirk,Morris,M,Patient Services Coordinator,,001-331-238-9232x940,47274.79,2006-07-27
EMP-134717,Rhonda,Harrison,F,Supply Chain Coordinator,DEP-019,(951)481-7445x0429,66498.15,2016-10-11
EMP-135187,Ashley,Foster,F,Compliance Officer,,(036)762-4157,99547.21,2010-07-30
EMP-137448,Erik,Rangel,M,Facilities Manager,DEP-011,551.602.0008x962,65222.5,2011-02-02
EMP-140432,Christine,Brewer,F,IT Analyst,,395.924.0360x9472,78966.7,2014-03-13
EMP-141049,Edward,Pace,M,Facilities Manager,,145-024-7404x677,58754.17,2006-06-06
EMP-145000,Bruce,Terry,M,Billing Specialist,DEP-016,(542)844-7650,38684.46,2024-07-23
EMP-149104,Jennifer,Cain,F,Medical Receptionist,DEP-020,926-073-5615,42950.8,2005-01-06
EMP-151461,Stephanie,Hampton,F,Compliance Officer,DEP-011,001-921-905-7596x970,108288.01,2013-02-07
EMP-154118,Brenda,Shaw,F,HR Coordinator,DEP-010,(006)709-4550,54269.78,2011-11-14
EMP-157727,Heather,Jackson,F,Medical Coder,DEP-017,+1-724-102-1146x1949,46430.69,2023-05-04
EMP-157908,Danielle,Hernandez,F,Medical Coder,DEP-007,100.093.7323,56639.08,2016-03-05
EMP-160302,Anne,Alvarez,F,Quality Assurance Analyst,DEP-001,270-198-8393,59762.51,2015-09-01
EMP-161006,Darrell,Davila,M,Supply Chain Coordinator,,039-535-8687x58628,61713.32,2024-10-12
EMP-161733,Michael,Hansen,M,Supply Chain Coordinator,DEP-013,899.679.4292x6950,56890.07,2017-07-05
EMP-166808,Dylan,Johnson,M,Hospital Administrator,DEP-005,2130532857,159489.06,2006-07-12
EMP-173570,Lauren,Wilson,F,HR Coordinator,DEP-007,0793833427,54510.41,2015-01-09
EMP-175501,Crystal,Morris,F,Facilities Manager,,556.692.4682,61946.48,2016-08-09
EMP-175878,Jonathan,Mccullough,M,HR Coordinator,DEP-015,545-768-9069,67394.51,2021-12-06
EMP-175913,Amy,Mcintosh,F,Medical Coder,DEP-020,4973106009,45570.81,2018-10-03
EMP-175936,Laura,Lopez,F,Medical Receptionist,DEP-002,244-533-7300x7619,42471.41,2017-02-11
EMP-176689,Joseph,Keith,M,Compliance Officer,DEP-011,+1-525-576-3461x1801,74192.3,2023-07-14
EMP-180311,Monica,Sims,F,Hospital Administrator,DEP-006,607.191.4307x1370,141087.59,2011-11-02
EMP-180955,Roger,Dunn,M,Health Information Manager,DEP-001,+1-276-662-0288,87068.24,2012-05-18
EMP-184090,Steven,Stein,M,Hospital Administrator,,944-656-7415,112585.48,2012-09-25
EMP-189581,Jonathan,Morgan,M,Hospital Administrator,,9339173088,139210.03,2021-11-13
EMP-190193,Cynthia,Campbell,F,Medical Receptionist,DEP-009,001-851-453-8902x681,40487.37,2016-07-16
EMP-193121,John,Pitts,M,Hospital Administrator,DEP-014,001-754-247-2999x107,164092.56,2014-05-28
EMP-194266,David,Stein,M,IT Analyst,DEP-011,193-207-2596x774,70739.78,2014-07-17
EMP-195269,Emily,Smith,F,Compliance Officer,,001-194-228-5239,73734.55,2020-12-17
EMP-199110,Emma,Kelly,F,IT Analyst,DEP-020,090-352-6767,78736.84,2006-06-24
EMP-201160,Nancy,Noble,F,Facilities Manager,DEP-015,001-206-583-8862x768,63316.79,2013-09-18
EMP-201878,William,Hernandez,M,Medical Coder,,381.679.1619x076,61728.53,2014-10-17
EMP-206927,Daniel,Murphy,M,Health Information Manager,DEP-020,+1-104-130-7712,74760.79,2022-04-13
EMP-207513,Courtney,Cannon,F,IT Analyst,DEP-001,(693)772-0097x0938,76369.83,2021-11-10
EMP-207845,Jessica,Johnson,F,IT Analyst,DEP-020,(607)330-1650x47461,68608.3,2016-02-29
EMP-210305,Brian,Russell,M,IT Analyst,,001-435-692-0906x721,62225.02,2008-05-14
EMP-213631,Nathaniel,Anderson,M,Health Information Manager,DEP-002,609.473.8557,78098.27,2015-08-11
EMP-218048,Tony,Cole,M,Compliance Officer,,677.169.3816,103227.7,2006-06-06
EMP-220531,Louis,Weaver,M,Compliance Officer,,808.341.9259x52498,70279.32,2024-12-22
EMP-221522,Donna,Castro,F,Facilities Manager,DEP-008,528.087.8026,56306.57,2021-01-30
EMP-222292,Nicole,Foley,F,Quality Assurance Analyst,DEP-019,913-346-4829,60801.14,2023-09-18
EMP-223183,Manuel,Thompson,M,Compliance Officer,DEP-008,001-252-313-5928x922,78678.37,2009-04-14
EMP-224378,Daniel,Lyons,M,Health Information Manager,DEP-018,180.562.8969,69609.41,2018-08-14
EMP-224914,Leah,Vaughn,F,HR Coordinator,,122.113.7712x8343,48121.61,2021-08-30
EMP-224944,Joseph,Myers,M,Medical Coder,DEP-014,2300103358,64198.68,2022-10-20
EMP-225337,Billy,Anderson,M,Facilities Manager,,759-357-8830x00383,62118.98,2021-12-22
EMP-225995,Ariel,Moore,F,Quality Assurance Analyst,,716.923.9872x691,79575.08,2017-03-05
EMP-227386,Betty,Edwards,F,Supply Chain Coordinator,DEP-011,(610)575-8780,48909.69,2022-03-11
EMP-230141,Michael,Mclaughlin,NB,Health Information Manager,DEP-011,001-484-514-3999x601,71964.48,2020-10-16
EMP-238860,Ashley,Kramer,F,Hospital Administrator,,001-488-813-4798x176,156011.44,2018-04-28
EMP-239964,Jeffrey,Alvarez,M,Billing Specialist,,162-840-7664x5761,44884.47,2021-06-10
EMP-240060,Amy,Tucker,F,Billing Specialist,DEP-017,085-490-6771x6330,38126.27,2008-12-11
EMP-240851,Jeff,Adams,M,Quality Assurance Analyst,,+1-404-152-8270,79172.98,2018-10-13
EMP-244158,Angela,Woods,F,Billing Specialist,DEP-005,(258)560-9214,48435.59,2005-08-01
EMP-251770,Derek,Miller,M,HR Coordinator,DEP-018,599-186-7653,46636.59,2010-07-11
EMP-252188,Jessica,Moore,F,Facilities Manager,DEP-016,(760)405-8446,51044.8,2026-07-02
EMP-253125,Valerie,Griffith,F,HR Coordinator,DEP-001,027.393.5752x274,61718.62,2006-06-15
EMP-254279,Derek,Smith,M,IT Analyst,DEP-002,001-967-159-1160x724,83831.11,2020-05-06
EMP-254695,James,Lawrence,M,Quality Assurance Analyst,,426-458-1108x37709,84508.98,2020-04-07
EMP-255096,Natalie,Hanson,F,IT Analyst,DEP-008,001-805-676-1698x025,60684.83,2019-04-02
EMP-255255,Bryan,Barnes,M,HR Coordinator,,917.986.8734x09411,49934.91,2017-03-02
EMP-256638,Nicole,Burgess,F,Supply Chain Coordinator,DEP-016,328.126.8565,59033.14,2012-09-29
EMP-258163,Michael,Stafford,M,Patient Services Coordinator,DEP-016,+1-220-688-0528x475,38580.84,2020-08-25
EMP-258416,Teresa,Watson,F,Billing Specialist,DEP-010,+1-497-611-9779x537,53857.27,2008-03-04
EMP-264734,Jasmine,Rice,F,Facilities Manager,DEP-006,(286)843-8452x913,68303.7,2008-07-11
EMP-265087,Timothy,Martinez,M,Medical Receptionist,,267.383.5870x8636,36814.31,2011-01-16
EMP-265805,Rachel,Hill,F,Facilities Manager,DEP-016,(723)375-1029x34208,72753.79,2010-01-15
EMP-272202,Jon,Martinez,M,Medical Coder,DEP-017,124.168.5192,46200.08,2023-05-24
EMP-276683,Ethan,Rowland,M,Supply Chain Coordinator,,966-284-8402,50878.94,2013-02-15
EMP-278895,Mark,Stevens,M,Quality Assurance Analyst,DEP-009,(265)508-1117,75698.91,2025-04-08
EMP-282013,Diana,Fowler,F,IT Analyst,DEP-013,(843)948-2927,85289.3,2015-11-20
EMP-285278,Courtney,Mann,F,Patient Services Coordinator,DEP-020,001-408-551-8017x100,38846.38,2025-11-15
EMP-286391,Melody,Mejia,F,Quality Assurance Analyst,,033-322-9227,71367.48,2005-06-12
EMP-292441,Jason,Mccall,M,Patient Services Coordinator,DEP-009,388-458-5557x36920,38264.39,2011-04-15
EMP-296562,Ashley,Anderson,F,HR Coordinator,DEP-004,340-276-0369,50716.13,2023-09-08
EMP-300139,Brenda,Martinez,F,IT Analyst,,(819)983-0161x9961,60576.54,2007-03-30
EMP-301932,Diane,Nelson,F,Medical Receptionist,DEP-007,001-934-233-1581x993,35816.97,2005-09-27
EMP-303125,Courtney,Mitchell,F,Medical Coder,DEP-011,777.789.5962x56585,59550.02,2007-12-30
EMP-303736,Donald,Carpenter,M,Patient Services Coordinator,DEP-010,(330)289-4227x648,40586.64,2015-05-14
EMP-304548,Steven,Knight,M,Billing Specialist,DEP-015,770.298.3690x39239,47942.66,2014-10-14
EMP-308080,Jeremy,Parks,M,Billing Specialist,,757.684.6128x0323,44058.92,2009-03-23
EMP-309879,Justin,Myers,M,HR Coordinator,DEP-002,491.562.0184,64530.7,2013-10-01
EMP-312157,Kara,Mitchell,F,Supply Chain Coordinator,,810.654.4833x221,49651.45,2016-08-19
EMP-312673,Matthew,Knight,M,Billing Specialist,DEP-012,(832)119-8492,43046.54,2012-07-27
EMP-316100,Jo,Rodriguez,F,Patient Services Coordinator,,775-287-2715x40265,41976.31,2024-09-25
EMP-320547,Juan,Wallace,M,Patient Services Coordinator,DEP-011,559.487.4712,35270.76,2009-04-04
EMP-321389,Whitney,Medina,NB,Billing Specialist,,001-798-177-4173x437,52166.82,2019-12-27
EMP-324301,Margaret,Willis,F,Hospital Administrator,DEP-002,(452)403-3950,137479.51,2005-12-08
EMP-327961,Samuel,Munoz,M,Facilities Manager,DEP-010,815-960-3827x1462,58180.38,2014-02-18
EMP-332307,Melanie,Bradshaw,F,Compliance Officer,DEP-015,001-356-727-5958x467,93516.57,2019-03-29
EMP-334518,Christopher,Duncan,M,Compliance Officer,DEP-015,(126)401-0938x75508,96376.42,2012-06-20
EMP-334689,Randall,Taylor,M,Facilities Manager,,001-070-935-5027x579,62263.63,2019-06-27
EMP-335164,Gary,Ford,M,HR Coordinator,DEP-004,629.806.2547x9608,58761.62,2011-08-20
EMP-336877,Patrick,Singleton,M,Health Information Manager,DEP-006,001-340-895-3591x003,81021.91,2021-03-21
EMP-338588,Danielle,Walton,F,Medical Coder,DEP-001,001-512-461-2921x753,62223.93,2006-05-14
EMP-339802,Billy,Brown,M,Facilities Manager,,329-645-6566x516,56837.54,2024-02-01
EMP-340292,Gregory,Pratt,M,Billing Specialist,DEP-009,+1-126-509-7030,53372.22,2008-08-08
EMP-347219,Zachary,Turner,M,Hospital Administrator,,+1-197-300-1332x2417,143917.15,2019-03-29
EMP-347339,Michael,Garcia,M,Compliance Officer,,469-376-9790,109191.28,2022-05-10
EMP-347827,Sandy,Flores,F,Health Information Manager,DEP-011,468-782-6473x2182,75335.22,2014-12-22
EMP-348023,Kim,Conner,F,IT Analyst,DEP-016,(633)192-9492,77872.17,2022-09-10
EMP-349803,Kellie,Glenn,F,Medical Receptionist,,078-069-0411,40324.47,2010-12-05
EMP-350844,William,Cooper,M,Compliance Officer,DEP-003,(464)775-9107,84188.47,2022-12-06
EMP-353178,Lori,Spears,F,IT Analyst,DEP-019,001-939-453-1612x514,75016.86,2015-01-13
EMP-355158,Christina,Smith,F,Facilities Manager,,001-947-220-5193x113,66188.38,2020-04-13
EMP-355677,Cathy,Arellano,F,Billing Specialist,DEP-013,(311)082-1345x2671,50637.6,2022-10-25
EMP-356669,Brittany,Nolan,F,Billing Specialist,DEP-009,886.915.4325,51937.12,2012-07-12
EMP-359800,Michael,Brock,M,Medical Coder,,+1-125-169-3296,64651.98,2013-04-13
EMP-360288,Daniel,Cervantes,M,Quality Assurance Analyst,DEP-013,+1-087-392-9108x2795,84974.21,2024-10-12
EMP-360380,Mark,Flores,M,Supply Chain Coordinator,,(295)631-4536x5129,66622.33,2022-03-15
EMP-361966,Laura,Edwards,F,IT Analyst,,672.400.0064,70062.63,2010-08-27
EMP-362078,Brendan,Gonzalez,M,Medical Receptionist,,(280)447-5516x1332,43952.64,2025-10-13
EMP-362195,Cody,Dodson,M,Supply Chain Coordinator,DEP-001,001-745-276-9726,49100.65,2008-09-25
EMP-366541,Jason,Watkins,M,HR Coordinator,,5434928868,63745.66,2012-04-12
EMP-369454,Jason,Griffin,M,Billing Specialist,DEP-020,(918)375-9785,47128.91,2017-12-02
EMP-369702,Kevin,Thomas,M,Billing Specialist,,122-385-8958x279,47792.43,2013-03-27
EMP-371258,Amy,Townsend,F,HR Coordinator,DEP-015,247-176-9955,62655.6,2022-02-11
EMP-374174,Michelle,Vega,F,HR Coordinator,DEP-006,892-998-8967,69320.13,2016-03-21
EMP-375028,Gregory,Romero,M,Compliance Officer,DEP-020,794.579.2176,102285.0,2025-05-16
EMP-379226,Michelle,Lawrence,F,Medical Receptionist,DEP-015,001-031-816-7124,31783.52,2021-12-21
EMP-381957,William,Scott,M,Patient Services Coordinator,DEP-002,(638)591-6713,38531.44,2010-06-22
EMP-383529,Jacob,Jimenez,M,HR Coordinator,DEP-007,001-985-368-7614x098,49603.5,2015-07-04
EMP-384709,Megan,Hatfield,F,Patient Services Coordinator,,946.768.8459,40663.5,2026-07-13
EMP-387700,Lisa,Cooper,F,Supply Chain Coordinator,,679.667.8440x3524,55342.79,2008-08-13
EMP-387856,Joshua,Lopez,M,Patient Services Coordinator,DEP-009,914.853.4581x8929,47267.1,2021-08-29
EMP-388892,Jennifer,Olson,F,Patient Services Coordinator,DEP-012,554-172-7771,38805.28,2011-06-08
EMP-389470,Joseph,Robles,M,Supply Chain Coordinator,DEP-007,457.642.9351,63797.68,2022-03-17
EMP-399846,Stacy,Chen,NB,HR Coordinator,,001-142-951-7277,45969.36,2017-01-21
EMP-400215,Susan,Preston,F,Medical Receptionist,DEP-004,139-472-7932,42567.92,2014-07-06
EMP-400399,Maria,Ramsey,F,Patient Services Coordinator,DEP-012,9163126614,36648.42,2020-04-28
EMP-404470,James,Brown,M,Patient Services Coordinator,,682-837-0903x50771,50597.15,2016-05-20
EMP-405300,Tony,Nunez,M,Medical Receptionist,DEP-009,(602)599-3869x61470,31709.35,2010-06-15
EMP-405432,Heather,Ballard,F,Health Information Manager,,(062)893-2006x36793,97799.93,2025-08-31
EMP-405587,Carla,Gray,F,IT Analyst,,7835321856,62868.87,2020-11-26
EMP-405881,Daniel,Galvan,M,Hospital Administrator,DEP-020,+1-036-368-0772x0709,120409.04,2020-03-21
EMP-408765,Kelli,Chandler,F,IT Analyst,,829-026-9328x889,60271.1,2009-10-11
EMP-410532,Brian,Wright,M,HR Coordinator,DEP-008,(737)315-0243x11051,62810.26,2006-08-21
EMP-412232,Luis,Hooper,M,Supply Chain Coordinator,DEP-013,+1-542-169-3052x6458,59376.73,2022-12-18
EMP-412919,Patricia,Brady,F,Patient Services Coordinator,DEP-006,016-488-5305x332,51039.55,2010-10-03
EMP-413258,Valerie,Rodgers,F,Patient Services Coordinator,DEP-007,825-275-3871,39499.57,2020-11-12
EMP-414188,Kathryn,Mann,F,Supply Chain Coordinator,DEP-017,+1-501-467-2901x3378,62505.71,2017-07-28
EMP-414346,John,Hayes,M,Medical Coder,DEP-010,316.473.5620x511,51718.19,2005-07-03
EMP-416025,Kimberly,Levine,F,Supply Chain Coordinator,DEP-019,+1-821-197-7674x328,67215.1,2013-09-07
EMP-417723,Brian,Chavez,M,Patient Services Coordinator,DEP-017,519-578-8145,42340.32,2026-02-26
EMP-420164,Xavier,Campbell,M,Facilities Manager,DEP-009,268-259-4730,56861.71,2010-11-24
EMP-420392,Felicia,Barnes,F,Compliance Officer,,+1-381-755-3908x324,107250.1,2012-02-04
EMP-421269,Kayla,Bishop,F,Health Information Manager,,001-766-136-5482x808,71801.87,2019-10-05
EMP-422068,Shannon,Romero,NB,Quality Assurance Analyst,,001-356-064-5778,73120.2,2012-06-06
EMP-422332,Catherine,Stanley,F,HR Coordinator,,294-697-2199x1646,47428.14,2019-05-27
EMP-428574,Richard,Morton,M,Supply Chain Coordinator,DEP-001,7975854326,69272.21,2006-03-10
EMP-429790,Andrew,Hughes,M,HR Coordinator,,(309)712-8708,67276.19,2014-05-16
EMP-433818,James,Norris,M,Health Information Manager,,934-377-8287,79501.37,2007-11-30
EMP-434251,Sarah,Morrison,F,Patient Services Coordinator,,001-447-140-5502x370,37925.16,2011-11-25
EMP-434529,Sherry,Coleman,F,Quality Assurance Analyst,,(482)189-5405,74026.68,2011-07-23
EMP-435012,Dawn,Peterson,F,HR Coordinator,,(830)081-5768,61305.94,2011-09-27
EMP-435571,Kenneth,Olson,M,Hospital Administrator,DEP-012,+1-642-281-6401x9356,171004.76,2026-01-06
EMP-438755,Mary,Williams,F,Hospital Administrator,DEP-015,+1-054-941-8502x769,173124.55,2007-06-29
EMP-439750,Jeffrey,Hamilton,M,Facilities Manager,DEP-010,480-304-9251x5701,56146.29,2024-09-16
EMP-440235,Lindsey,Chavez,F,Facilities Manager,DEP-018,(803)446-9936x8456,53786.85,2010-02-04
EMP-442111,Patricia,Espinoza,F,Medical Receptionist,,(001)196-7458,32540.0,2020-04-05
EMP-442420,Sheila,Harris,F,Hospital Administrator,DEP-020,950.373.5662,132399.84,2019-10-25
EMP-442533,Sandra,Bryant,F,Supply Chain Coordinator,,+1-953-442-0766x876,68052.16,2009-08-15
EMP-443198,Pamela,Walker,F,Supply Chain Coordinator,DEP-014,8744706143,45141.81,2026-01-31
EMP-443680,Michael,Taylor,M,IT Analyst,DEP-003,081-241-1881,69695.9,2006-06-28
EMP-446812,Anthony,Phillips,M,Patient Services Coordinator,DEP-010,+1-936-183-4253x047,42693.6,2017-05-30
EMP-447117,Lisa,Holt,F,Compliance Officer,,1593429893,105967.81,2016-01-10
EMP-450201,Gabriel,Adams,M,Health Information Manager,DEP-013,+1-819-846-7138,66566.49,2008-03-06
EMP-453848,Tonya,Perez,F,Compliance Officer,DEP-020,(292)285-1762x777,95883.57,2016-12-24
EMP-454055,Karen,Martinez,F,Medical Coder,DEP-011,(555)798-4576,62972.94,2017-08-18
EMP-458699,Sandra,Mueller,F,Patient Services Coordinator,DEP-011,(667)777-5595x5211,50187.24,2016-06-06
EMP-459359,Natalie,Mason,F,Facilities Manager,DEP-017,201-321-3249x35828,75476.62,2016-05-30
EMP-460138,Amy,Schmitt,F,Facilities Manager,DEP-004,7454392874,79919.08,2023-07-14
EMP-461293,Kathy,Young,NB,Facilities Manager,DEP-004,601.924.3869,75710.09,2022-02-04
EMP-462504,Kendra,Williams,NB,Supply Chain Coordinator,,(123)458-9971x63715,60592.24,2013-09-30
EMP-462999,Jennifer,Powers,F,Supply Chain Coordinator,DEP-003,712-954-8703,67005.67,2021-12-01
EMP-463071,Jeffrey,Hodges,M,HR Coordinator,,(157)767-9490x830,57374.4,2018-04-05
EMP-463389,Christopher,Myers,M,Quality Assurance Analyst,DEP-016,001-270-653-5778x373,55475.5,2011-03-01
EMP-465122,Luke,Clark,M,Facilities Manager,DEP-008,(129)336-3748,54142.4,2009-03-20
EMP-467104,Alec,Thompson,M,Patient Services Coordinator,,773-741-8420x3503,42986.82,2005-11-16
EMP-469131,Kristine,Skinner,F,Facilities Manager,DEP-009,+1-084-086-0182,53385.13,2015-06-19
EMP-469282,Julie,Brown,F,Medical Coder,,+1-359-480-0557x465,51438.64,2008-03-23
EMP-471934,Sandra,Fry,F,Compliance Officer,DEP-014,001-870-605-0413x268,105575.88,2014-01-02
EMP-472306,Lisa,Greene,F,HR Coordinator,DEP-012,+1-832-610-4879,49693.71,2024-07-03
EMP-473235,Jody,Burke,F,Compliance Officer,DEP-020,637-078-0789x050,103496.48,2013-06-06
EMP-474209,Allison,Curry,F,Medical Receptionist,DEP-003,+1-295-370-7603x028,39182.8,2015-07-05
EMP-476699,Andrea,Briggs,F,IT Analyst,,+1-268-092-4543x9812,82944.57,2016-05-24
EMP-479225,Logan,Mayo,M,Billing Specialist,DEP-007,369.457.6964x52992,55326.9,2019-10-29
EMP-483016,John,Campbell,M,HR Coordinator,DEP-008,+1-151-048-8743x6712,67969.38,2025-04-08
EMP-483526,Monica,Burton,F,IT Analyst,DEP-020,+1-593-406-5464x005,57463.4,2018-01-26
EMP-484178,Catherine,Roberson,F,Patient Services Coordinator,,576.780.0778x09502,39059.67,2011-11-17
EMP-486063,Sandra,Kline,F,Medical Coder,,(111)812-2980x127,60197.37,2006-06-29
EMP-486525,April,Chavez,F,Quality Assurance Analyst,DEP-016,246.818.8951x1987,83116.33,2019-06-19
EMP-486605,Mary,Dougherty,F,Patient Services Coordinator,,001-363-234-4023x480,38086.97,2005-08-03
EMP-488016,Mindy,Gutierrez,F,Compliance Officer,,+1-578-595-1937,93909.54,2014-08-31
EMP-488751,Laura,Gordon,F,Compliance Officer,DEP-012,142-722-4518x05191,85870.27,2025-08-30
EMP-491248,Dakota,Brown,M,IT Analyst,,(691)396-9652,69962.44,2013-07-30
EMP-493140,Kyle,Brown,M,Patient Services Coordinator,DEP-002,018-661-7875x621,44171.07,2022-02-07
EMP-493851,Anthony,Carpenter,M,IT Analyst,DEP-008,001-241-114-7467x803,64682.14,2022-07-31
EMP-494061,Mark,Chavez,M,Supply Chain Coordinator,,635-679-4564x692,57180.77,2017-10-08
EMP-496140,Mark,Johnston,NB,Facilities Manager,DEP-010,+1-725-991-3100x8642,56405.41,2008-03-03
EMP-496393,Nicole,Robertson,F,Facilities Manager,DEP-002,001-010-568-1489x049,59088.64,2010-10-20
EMP-496561,Tommy,Rodriguez,M,Billing Specialist,DEP-017,621-035-8396x048,38251.57,2012-05-01
EMP-499577,Scott,Good,M,Hospital Administrator,DEP-018,(324)710-2631x76055,97920.46,2010-07-02
EMP-500905,Cynthia,Villegas,F,Billing Specialist,DEP-017,789-333-7092,42959.44,2010-09-29
EMP-501739,Brett,Mayer,M,Health Information Manager,,214-071-9796x90222,90108.31,2008-12-24
EMP-502033,Roberto,Bishop,M,Quality Assurance Analyst,,993-615-7555x814,77092.31,2024-01-31
EMP-505478,Leslie,Baker,F,Health Information Manager,,183.365.8392,82562.29,2012-03-06
EMP-505799,Nicholas,Moore,M,Health Information Manager,DEP-002,8154093400,77541.25,2025-07-23
EMP-507444,Robin,Miller,F,Patient Services Coordinator,,001-815-445-5555,43816.19,2008-05-25
EMP-508189,Mark,Jordan,M,Hospital Administrator,DEP-014,822-828-8590x9496,175134.65,2019-08-17
EMP-515747,Sean,Bass,M,HR Coordinator,DEP-017,+1-904-050-6835x2494,45931.91,2013-12-11
EMP-516639,Andrew,Daniels,M,Compliance Officer,DEP-005,996-661-2279x24164,104958.02,2018-03-25
EMP-517154,Seth,Farley,M,Medical Receptionist,DEP-020,+1-606-624-0927x525,40694.91,2007-03-01
EMP-517320,Jennifer,Oneill,F,Quality Assurance Analyst,,335.190.5832x0326,64609.49,2015-01-18
EMP-517436,Brian,Hill,M,HR Coordinator,DEP-002,705.564.0838x3783,59894.47,2013-01-05
EMP-517794,Cathy,Yates,F,IT Analyst,DEP-009,952-778-8007,87264.39,2012-11-08
EMP-519382,Mark,Anderson,M,Medical Receptionist,DEP-012,(781)226-9871x4916,37626.02,2020-11-04
EMP-519754,Allison,Adams,F,IT Analyst,,5213576196,88717.51,2011-03-13
EMP-520945,Shannon,Johnson,F,Health Information Manager,,2135521014,75387.76,2005-06-20
EMP-522325,Maria,Owens,F,Patient Services Coordinator,,+1-887-750-2856x290,36725.49,2017-08-08
EMP-525707,Luis,Banks,M,Quality Assurance Analyst,DEP-015,776-520-0166x4650,65272.95,2020-05-29
EMP-533322,Amanda,Davis,F,Hospital Administrator,,086-388-7276x27664,118380.43,2020-02-17
EMP-536202,Cassidy,Villarreal,F,IT Analyst,,001-607-351-1519,85717.32,2026-03-08
EMP-545193,Lisa,Kerr,F,Compliance Officer,DEP-018,047.370.7830x085,86340.65,2021-11-07
EMP-545770,Daniel,Johnson,M,Hospital Administrator,DEP-001,(783)487-4950,147308.09,2016-09-04
EMP-552092,Eduardo,Huerta,M,IT Analyst,DEP-019,465-392-1914x2803,73147.11,2025-03-11
EMP-555741,Tara,Mcneil,F,Compliance Officer,DEP-005,380-307-3038x357,109448.26,2009-10-29
EMP-556248,Jose,Sellers,M,Billing Specialist,DEP-011,+1-125-017-9667,44927.33,2014-12-20
EMP-556829,Brian,Nguyen,M,Supply Chain Coordinator,DEP-006,001-272-074-2500x317,48954.31,2005-05-03
EMP-557951,Joan,Gonzalez,F,HR Coordinator,,(683)976-9762x19137,50161.33,2017-09-23
EMP-558871,Kristina,Henry,F,Billing Specialist,,(761)746-7958x925,52891.92,2016-10-15
EMP-559047,Vincent,Morales,M,Health Information Manager,DEP-007,001-959-084-0069x188,75602.53,2014-07-08
EMP-562214,Nicole,Holmes,F,Billing Specialist,DEP-004,(543)486-9618x79248,52399.63,2014-12-06
EMP-566284,Julie,Nielsen,F,Compliance Officer,DEP-015,(175)262-3631x184,72775.32,2010-07-07
EMP-567664,John,Richards,M,Supply Chain Coordinator,DEP-008,+1-090-492-7704,66734.03,2019-11-30
EMP-568246,Mary,Kelly,F,Hospital Administrator,,049-218-9799x50009,122119.68,2005-05-24
EMP-569655,Leslie,Richardson,F,Patient Services Coordinator,DEP-005,868.225.2349x45463,44981.3,2016-03-28
EMP-569767,Kenneth,Moore,M,Patient Services Coordinator,,(736)361-3890x7799,47683.09,2006-10-27
EMP-569845,Kyle,Chandler,M,Patient Services Coordinator,DEP-004,+1-361-719-6496x809,47341.64,2018-02-21
EMP-569963,Michelle,Mullins,F,Medical Receptionist,DEP-020,(863)218-7950x133,41527.72,2021-03-29
EMP-571420,Adam,Figueroa,M,Compliance Officer,,208.593.1946,89232.3,2021-04-14
EMP-578354,George,Graves,NB,IT Analyst,DEP-015,+1-885-085-8744x6679,71769.52,2025-02-26
EMP-578718,Kenneth,Miller,M,Patient Services Coordinator,,+1-108-837-4163x1018,41983.24,2013-11-21
EMP-587901,Curtis,Ochoa,M,IT Analyst,DEP-005,+1-718-001-3246x4510,86553.19,2020-05-07
EMP-588615,Jill,Hale,F,Compliance Officer,DEP-009,500-748-0077x681,84343.56,2020-04-27
EMP-589273,Richard,Sanford,M,Supply Chain Coordinator,DEP-020,001-223-300-2113x232,58264.7,2019-02-02
EMP-590563,Kelsey,Nelson,F,Patient Services Coordinator,DEP-001,771-223-1125x00926,42339.52,2011-09-23
EMP-596541,John,Johnson,M,Supply Chain Coordinator,DEP-007,(402)229-4072x33582,56329.84,2010-11-23
EMP-597470,Lauren,Deleon,F,IT Analyst,,935.562.8228,76398.52,2021-05-02
EMP-603025,Laura,Clay,F,Supply Chain Coordinator,DEP-004,914-192-4313x2721,49072.07,2009-09-14
EMP-605454,Reginald,Myers,M,HR Coordinator,DEP-010,+1-092-426-2857x340,48861.03,2023-01-23
EMP-607033,Matthew,Morris,M,Billing Specialist,,310.261.2247x217,44447.69,2008-05-17
EMP-607643,Ian,Maldonado,M,Health Information Manager,DEP-019,779.946.4454x9809,77695.35,2011-07-14
EMP-609190,Rachel,Mcbride,F,Quality Assurance Analyst,DEP-008,(266)121-4659,68958.59,2017-11-18
EMP-616217,Jeremy,York,M,Medical Coder,,001-866-660-5051x840,48037.48,2023-07-06
EMP-619533,Kristen,Miller,F,Compliance Officer,DEP-011,(920)978-6203x503,71814.78,2024-01-04
EMP-620479,Christine,Miller,F,Medical Coder,,(805)153-1493x529,51479.31,2005-08-21
EMP-623392,Leah,Williams,F,Compliance Officer,,988-930-0032x028,107687.68,2018-09-04
EMP-626033,Veronica,Wilson,F,Supply Chain Coordinator,DEP-004,265-571-0855x100,63049.86,2013-03-22
EMP-626571,Richard,Braun,M,Patient Services Coordinator,DEP-005,+1-932-790-4965x1078,37775.36,2007-08-29
EMP-627481,Julie,Miller,F,Billing Specialist,,(200)312-0946x300,46708.01,2012-08-13
EMP-632233,Kimberly,Smith,F,Medical Receptionist,DEP-007,+1-033-133-4029x4337,42460.67,2022-02-10
EMP-633961,Rhonda,Ruiz,F,Supply Chain Coordinator,DEP-013,713-241-7552x764,46052.53,2007-06-03
EMP-636452,Jodi,Blair,F,Health Information Manager,DEP-003,001-520-971-3206x814,71586.95,2024-01-13
EMP-637808,Kelsey,Washington,F,Health Information Manager,DEP-010,007-944-8611x554,96223.24,2021-10-10
EMP-638060,Stacie,Mason,F,Quality Assurance Analyst,DEP-017,0147243004,72315.01,2024-10-26
EMP-639928,Bianca,Winters,F,Health Information Manager,DEP-010,464-250-7441x80946,67268.45,2005-09-11
EMP-640663,Victoria,Jackson,F,Medical Receptionist,DEP-009,001-364-146-2938,38139.76,2026-03-12
EMP-641128,Nancy,Jackson,F,Medical Coder,DEP-005,(012)155-7253x2728,57748.41,2023-12-20
EMP-643307,Julie,Bennett,F,Hospital Administrator,DEP-004,+1-330-877-4723x4985,112480.09,2010-08-16
EMP-647181,Brandon,Mckay,M,IT Analyst,DEP-006,+1-639-610-9929,63934.95,2023-02-06
EMP-649267,Charles,Miller,M,Facilities Manager,DEP-004,125.632.8895x322,60640.43,2026-03-19
EMP-651488,Maria,Glass,F,Billing Specialist,,001-805-859-3602x180,45967.93,2023-06-12
EMP-653732,Tina,Hughes,F,Quality Assurance Analyst,DEP-015,+1-217-213-3748x656,73930.09,2012-06-03
EMP-654558,Shirley,Figueroa,F,Patient Services Coordinator,DEP-014,981-926-3935x6250,50176.18,2012-09-30
EMP-656753,Thomas,Simmons,M,Hospital Administrator,DEP-005,218-062-4611,99987.46,2025-12-21
EMP-657812,Brittany,Maddox,F,Medical Coder,DEP-011,+1-094-014-8546x7224,56301.39,2019-05-06
EMP-660086,Deborah,Williams,NB,Quality Assurance Analyst,DEP-014,001-166-014-7898,75072.05,2005-07-30
EMP-660416,Dustin,Harrison,M,Quality Assurance Analyst,,001-371-942-8993x095,57843.68,2014-01-22
EMP-660521,Daniel,Martinez,M,Hospital Administrator,DEP-003,282-068-8175x0252,156099.04,2017-09-05
EMP-663342,Amanda,Spencer,F,Hospital Administrator,DEP-009,835-527-5851,101537.88,2019-09-22
EMP-665837,Jessica,Allen,NB,Hospital Administrator,DEP-018,001-955-767-3501x882,106011.73,2018-11-15
EMP-666636,Melissa,Lamb,F,Compliance Officer,DEP-007,+1-984-688-9637x7786,90595.85,2018-10-14
EMP-668706,Mark,Ward,M,Facilities Manager,DEP-007,335.052.1089x716,78506.27,2017-06-11
EMP-671919,James,Lee,M,Compliance Officer,DEP-014,(651)842-7879,71941.74,2011-04-27
EMP-671967,Jeffrey,Schmidt,M,Hospital Administrator,DEP-017,243.311.6609,119594.67,2019-12-17
EMP-672939,Jessica,Holloway,F,Medical Receptionist,DEP-001,056.277.2436x8668,37833.74,2025-04-26
EMP-675933,Karen,Berry,F,Billing Specialist,,+1-027-384-6853x0029,45618.98,2013-07-05
EMP-677266,Brian,Scott,M,Medical Receptionist,,001-372-633-8773x566,43440.21,2009-12-23
EMP-679444,Amber,Reed,F,Hospital Administrator,DEP-019,(972)919-1278x99251,150708.45,2012-04-29
EMP-680578,Patricia,Walton,NB,Medical Coder,DEP-015,001-191-816-2741x788,64617.48,2024-03-15
EMP-681414,John,Sullivan,M,Medical Receptionist,DEP-014,(582)376-7089,32532.49,2017-05-22
EMP-682461,Diana,Merritt,F,Compliance Officer,DEP-011,5065589083,77319.58,2011-12-25
EMP-684576,Kimberly,Walker,F,Supply Chain Coordinator,DEP-004,001-457-410-1639x043,46402.86,2012-09-08
EMP-684630,Martha,Simmons,F,Medical Receptionist,DEP-007,(808)902-7677x464,42318.85,2017-11-19
EMP-684657,Elizabeth,Walker,F,HR Coordinator,DEP-011,+1-538-208-2981,61634.34,2007-12-27
EMP-686447,Shane,Smith,M,IT Analyst,DEP-007,(803)907-3887,82911.61,2018-11-08
EMP-687985,Andrea,Rojas,F,HR Coordinator,,+1-639-728-9985x9976,61903.98,2024-05-27
EMP-688033,Bradley,Mitchell,M,Patient Services Coordinator,DEP-019,944-757-5760x07503,38007.78,2014-11-20
EMP-688378,Scott,Lindsey,M,Health Information Manager,DEP-018,713-139-5531x64304,87690.04,2021-08-12
EMP-690561,Selena,Thomas,F,Hospital Administrator,,+1-733-900-3564x3837,110202.17,2020-08-04
EMP-692750,Theresa,Young,F,Medical Receptionist,,(244)154-7574x250,34404.61,2017-08-03
EMP-701957,Richard,Hurst,M,Compliance Officer,,907.211.4490,80080.48,2025-02-09
EMP-704144,Bryan,Bowen,M,Medical Coder,,(112)711-3947x6651,46073.47,2006-06-17
EMP-704783,Bruce,Clark,M,Hospital Administrator,,681-091-9134,172789.04,2022-04-29
EMP-707733,Makayla,Flores,F,HR Coordinator,DEP-019,+1-344-815-2956,47469.51,2016-08-29
EMP-708912,Jeffrey,Martinez,M,Medical Receptionist,,590-842-4454,45076.63,2010-01-22
EMP-709441,Randy,Turner,M,Facilities Manager,DEP-010,(679)364-2782x35890,74593.73,2021-05-20
EMP-710611,David,Wagner,M,HR Coordinator,DEP-006,6773157797,46638.99,2014-09-10
EMP-711032,Nicholas,Taylor,M,HR Coordinator,,001-550-604-8084,54500.73,2014-06-03
EMP-711878,Billy,Johnson,NB,Health Information Manager,DEP-016,936-471-3733x7248,73869.89,2005-03-27
EMP-713342,Jonathan,Walker,M,Medical Coder,DEP-009,001-333-025-4772x098,61373.47,2021-06-06
EMP-715590,Taylor,Wilson,F,Medical Receptionist,DEP-015,+1-519-720-2589x7506,36857.42,2007-10-14
EMP-717200,Richard,Holder,M,Hospital Administrator,DEP-003,643-039-1301x86116,91163.35,2020-12-29
EMP-720714,Kendra,Stewart,F,HR Coordinator,,012.082.0885x2033,61103.38,2013-10-11
EMP-720997,Mandy,Harrell,F,Supply Chain Coordinator,DEP-007,001-481-564-6371,50429.45,2017-05-17
EMP-722364,Nathan,Park,M,Quality Assurance Analyst,DEP-004,+1-532-279-9222,66457.39,2021-04-09
EMP-722613,Kevin,Weaver,M,Quality Assurance Analyst,,(517)999-9248x035,77628.91,2006-06-14
EMP-730123,Oscar,Martinez,M,Medical Coder,,001-793-474-4396x795,46027.23,2025-06-26
EMP-730795,Emily,Ford,F,Patient Services Coordinator,DEP-016,486.834.2353,51005.4,2018-04-20
EMP-731973,Rhonda,Patterson,F,Facilities Manager,DEP-009,+1-661-385-1084x4306,51467.37,2026-04-14
EMP-733534,Christopher,Gillespie,M,Facilities Manager,,001-185-546-6049x909,77028.7,2014-06-13
EMP-733613,Nicole,Gibson,F,Compliance Officer,DEP-019,(224)686-5655,74787.34,2006-08-05
EMP-736047,Thomas,Williams,NB,Hospital Administrator,DEP-005,365.425.1024x805,119514.96,2013-05-29
EMP-736836,Michael,Bowman,M,Patient Services Coordinator,DEP-009,878-602-3813x071,44390.51,2015-12-19
EMP-737278,Leslie,Moody,F,Health Information Manager,,+1-686-337-7747x7441,86921.87,2014-01-25
EMP-739793,Brian,Carlson,M,Quality Assurance Analyst,,293.906.8869,68301.44,2020-01-29
EMP-739868,Jessica,Todd,F,Compliance Officer,,(869)052-7302,93880.06,2005-12-03
EMP-740105,Tiffany,Garcia,F,Facilities Manager,DEP-014,688-169-4299x8971,54522.43,2011-12-24
EMP-740427,Bradley,Richardson,M,Supply Chain Coordinator,,7794175932,59341.32,2011-10-16
EMP-745104,Keith,Barnes,M,Compliance Officer,DEP-009,193.957.5837x47260,107979.52,2005-12-02
EMP-745305,Benjamin,Williams,M,HR Coordinator,,446-784-0596x15735,45498.85,2020-06-08
EMP-746319,Erik,White,M,Patient Services Coordinator,,+1-608-311-8674x0020,46414.47,2018-07-25
EMP-748133,Donna,Brady,F,Supply Chain Coordinator,DEP-013,529.306.2876x65338,58801.43,2024-05-14
EMP-748576,Elizabeth,Travis,F,Facilities Manager,,1003240234,78682.25,2023-04-09
EMP-749479,Laurie,Schmidt,F,Medical Coder,DEP-010,001-706-517-0679,63505.75,2007-06-02
EMP-756370,Robert,Martin,M,HR Coordinator,DEP-004,+1-161-865-0148,54583.84,2019-08-26
EMP-758546,Jessica,Morrow,F,Health Information Manager,DEP-005,7396504628,85448.22,2010-10-27
EMP-760324,Brandon,Taylor,M,HR Coordinator,DEP-008,336.246.3753x74228,54780.96,2008-07-30
EMP-760650,Ronnie,Wu,M,Billing Specialist,DEP-009,3044929275,49039.51,2007-01-19
EMP-761705,James,Carter,M,Facilities Manager,DEP-005,(340)756-4983,77389.24,2022-11-05
EMP-762390,Jacob,Wilson,M,Patient Services Coordinator,DEP-001,+1-381-954-8232x8856,46039.92,2016-02-07
EMP-763983,Paige,Haynes,F,Quality Assurance Analyst,DEP-015,(755)895-5779,70831.42,2020-07-14
EMP-766337,Jane,Joseph,NB,Compliance Officer,DEP-016,036-718-4831x16260,79993.85,2018-08-11
EMP-767867,Kristin,Holmes,F,Hospital Administrator,DEP-003,(332)465-6294x82498,119145.27,2010-01-16
EMP-770523,Lindsey,Flynn,F,Health Information Manager,DEP-001,(312)299-0542x33841,70003.41,2005-10-07
EMP-774532,Jasmine,Chavez,F,HR Coordinator,DEP-009,(074)444-4637,63864.01,2018-06-28
EMP-775958,Michael,Weaver,M,Compliance Officer,,389.248.3611x7974,78269.48,2019-05-14
EMP-778237,Arthur,Boyd,M,Quality Assurance Analyst,,292-070-4140x37973,66108.88,2021-08-31
EMP-783179,David,Bates,M,Compliance Officer,DEP-006,+1-226-551-3697x4888,90293.15,2023-04-08
EMP-783677,Mark,Matthews,M,Supply Chain Coordinator,DEP-015,244-570-5853x01579,56877.18,2020-10-12
EMP-784444,Joseph,Landry,M,Facilities Manager,DEP-006,815.759.8110,75341.6,2024-03-19
EMP-785404,Leah,Kennedy,F,Health Information Manager,,170-031-3564x1674,65324.59,2016-08-19
EMP-786109,Kim,Stafford,F,Compliance Officer,DEP-012,084.053.2432x397,95883.54,2014-11-16
EMP-786397,Cathy,Fleming,F,Supply Chain Coordinator,DEP-004,001-599-522-4117x327,59390.64,2007-08-21
EMP-787954,Elizabeth,Brown,F,Hospital Administrator,DEP-017,329-248-2338x189,107861.59,2017-09-27
EMP-789395,Brandon,Hoover,M,Facilities Manager,,(963)178-9148,79554.56,2022-12-09
EMP-789560,Linda,Sullivan,F,Compliance Officer,,221-477-1143x826,83217.18,2009-01-28
EMP-792516,Jeffrey,Jimenez,NB,Supply Chain Coordinator,,001-553-469-0483,60242.65,2016-04-16
EMP-794069,Mary,Randall,F,Billing Specialist,DEP-003,6018659357,41928.52,2007-08-12
EMP-798147,Kelly,Zhang,F,Facilities Manager,,001-525-517-6418x208,64103.63,2013-09-17
EMP-801652,Ryan,Martinez,M,Health Information Manager,DEP-015,+1-808-181-5355x236,73576.64,2018-07-13
EMP-803746,Lisa,Tran,F,Medical Coder,DEP-003,788.615.5818x0708,49964.6,2021-06-08
EMP-803999,Jason,Weaver,M,Billing Specialist,DEP-003,334-935-0945,44265.88,2025-03-24
EMP-808956,Austin,Marks,M,Medical Coder,DEP-013,001-481-193-2673x526,60481.66,2005-04-11
EMP-809310,Andrew,Mitchell,M,Medical Coder,,976.235.9108,42309.29,2023-02-06
EMP-809475,William,Mckenzie,M,Quality Assurance Analyst,,(283)264-6519,58659.35,2020-10-17
EMP-810651,Carl,Smith,M,Health Information Manager,DEP-011,(937)478-0929x607,99454.07,2013-09-30
EMP-812383,Elizabeth,Russell,F,HR Coordinator,DEP-001,068.215.2980x912,65999.43,2023-12-21
EMP-815789,Brian,Rowe,M,Compliance Officer,,4604378561,81617.67,2025-04-14
EMP-817357,Paul,Romero,M,IT Analyst,,322-395-3315,88613.55,2016-01-04
EMP-818314,David,Padilla,M,Quality Assurance Analyst,DEP-019,001-830-657-3151x391,55806.89,2024-11-11
EMP-818999,Steven,Morgan,M,Medical Receptionist,DEP-010,445-640-9500x4005,44840.82,2009-09-19
EMP-819472,Richard,Krause,M,Health Information Manager,,(633)413-7818x124,90083.54,2011-08-12
EMP-820304,Colleen,Perez,F,IT Analyst,DEP-009,560.538.3936,57209.12,2013-03-13
EMP-820921,Loretta,Bailey,F,Patient Services Coordinator,DEP-019,(595)162-7908,43618.5,2020-05-24
EMP-823644,Erin,Mays,F,Supply Chain Coordinator,,531-594-2127x1294,55307.05,2019-05-15
EMP-824730,Nancy,Medina,F,Medical Receptionist,,649-908-1840x01184,35970.35,2008-10-12
EMP-825034,Juan,Todd,M,IT Analyst,,480-987-4271x3800,55497.39,2008-06-05
EMP-829890,Christina,Johnson,F,Patient Services Coordinator,DEP-009,589-674-7896x7753,35331.15,2020-10-18
EMP-834932,Katherine,Thomas,F,Compliance Officer,DEP-006,001-140-508-7737x476,84602.72,2025-09-30
EMP-835216,Marie,Garcia,F,IT Analyst,DEP-009,001-080-433-5424x757,74888.09,2018-05-02
EMP-835331,Tommy,Hunt,M,Health Information Manager,DEP-003,001-903-165-6519,76890.21,2021-11-11
EMP-835378,Autumn,Blair,F,HR Coordinator,DEP-017,+1-582-193-1433x7449,46507.16,2016-06-28
EMP-836319,Steven,Patton,M,HR Coordinator,DEP-019,4938402653,49907.18,2009-12-02
EMP-840089,Richard,Orozco,M,Compliance Officer,,767-558-3418x148,107453.34,2024-03-26
EMP-842954,Samantha,Mueller,F,Facilities Manager,DEP-014,+1-598-297-3868x1548,55666.25,2005-08-26
EMP-843170,Sarah,Johnson,NB,Supply Chain Coordinator,DEP-014,001-039-729-8687,55384.82,2022-02-27
EMP-844910,Alexander,Davis,M,Medical Coder,DEP-003,006.891.1551x524,46076.42,2018-12-31
EMP-845759,Richard,Coleman,M,Facilities Manager,DEP-016,+1-056-248-3319x021,50715.02,2007-05-05
EMP-846505,Vincent,Jones,M,Supply Chain Coordinator,DEP-015,6725719214,55363.15,2017-05-13
EMP-848995,Carlos,Williams,NB,Billing Specialist,DEP-019,280-214-5262x7527,44876.58,2012-08-15
EMP-851464,Victoria,Thomas,F,Facilities Manager,,(494)703-1301x4709,68481.47,2015-02-01
EMP-852414,Samantha,Mccann,NB,Health Information Manager,DEP-010,509-934-2705x012,68545.44,2021-03-12
EMP-854801,Benjamin,Davidson,M,Quality Assurance Analyst,DEP-018,4113277806,75916.18,2011-11-01
EMP-861429,Stephanie,Morgan,F,Patient Services Coordinator,DEP-008,3802231127,36198.91,2007-07-27
EMP-861728,Kevin,Thomas,M,IT Analyst,DEP-006,+1-266-729-7353x510,71120.57,2019-10-10
EMP-861920,Randy,Medina,M,Medical Coder,,001-837-466-1821x026,56152.38,2014-10-29
EMP-862940,Jeffery,Adams,M,Medical Coder,,001-882-811-3137x522,47021.02,2007-06-26
EMP-863399,Brian,Nguyen,M,HR Coordinator,,001-332-737-0801,61345.43,2020-01-13
EMP-864148,Mary,Moore,F,IT Analyst,,294.826.9581x43357,69202.73,2024-10-26
EMP-869971,Charles,Parker,M,Supply Chain Coordinator,,+1-903-834-5600,53708.57,2020-09-30
EMP-870381,Ariana,Griffith,F,Quality Assurance Analyst,DEP-009,001-463-547-4649x308,67276.1,2005-03-25
EMP-877347,Kelsey,Burch,F,Quality Assurance Analyst,DEP-007,(730)004-9961x81237,78056.48,2021-04-05
EMP-878134,Debbie,Lewis,F,Medical Receptionist,DEP-011,001-065-728-8868,42642.2,2016-01-14
EMP-879365,Craig,Holland,M,Health Information Manager,,775-542-0221x1093,72904.14,2019-07-14
EMP-882272,Nicholas,Patterson,M,IT Analyst,DEP-004,772-288-0875x044,61548.9,2013-01-11
EMP-884882,Justin,Hernandez,M,Hospital Administrator,DEP-014,(642)060-3700x168,120376.6,2011-02-14
EMP-885379,Sara,Kline,F,Facilities Manager,DEP-013,204-213-6821,74147.42,2013-07-21
EMP-885992,Jessica,Adams,F,Patient Services Coordinator,DEP-008,(097)864-7414x1128,48524.47,2017-12-26
EMP-889744,Jason,Mccall,M,Facilities Manager,DEP-013,(436)969-7408,58342.6,2025-03-18
EMP-891865,Sarah,Whitehead,F,Supply Chain Coordinator,DEP-011,528-544-6228x1004,63481.43,2016-12-25
EMP-892473,Jennifer,Lopez,F,HR Coordinator,DEP-005,(648)654-1470x32444,63038.69,2011-09-24
EMP-892627,Yvonne,Ballard,F,HR Coordinator,,179-880-9397,60621.57,2008-09-27
EMP-892788,Sharon,Carter,F,Supply Chain Coordinator,,+1-403-018-4166x3517,59232.65,2015-08-02
EMP-898131,Mary,Rivas,F,Quality Assurance Analyst,DEP-002,001-394-481-6171x120,75880.05,2015-01-28
EMP-898721,Amy,Simmons,F,IT Analyst,DEP-002,001-440-880-9049x489,86873.17,2007-03-20
EMP-900608,Aimee,Ortiz,F,Quality Assurance Analyst,,+1-287-591-9460,70757.11,2008-12-07
EMP-902129,Patrick,Pierce,M,IT Analyst,DEP-017,(570)656-0476x793,69204.56,2018-11-15
EMP-902669,Sandra,Morgan,F,Compliance Officer,DEP-013,860.870.0781,88942.88,2010-06-19
EMP-905344,Ryan,Reynolds,M,Health Information Manager,DEP-014,479.851.8541,74617.54,2020-06-14
EMP-908606,Hannah,Bennett,F,Facilities Manager,DEP-008,537-236-0705x491,72895.19,2025-03-16
EMP-912322,Wanda,Serrano,F,IT Analyst,DEP-009,8670645063,74483.61,2023-05-02
EMP-912409,Michelle,Smith,F,Compliance Officer,DEP-012,+1-691-452-9650,85977.18,2025-10-20
EMP-912509,Jeffrey,Bryant,M,HR Coordinator,,171-863-5270x1616,57955.64,2005-10-20
EMP-913318,Carlos,Hill,M,Patient Services Coordinator,,+1-450-347-8355x071,36607.73,2021-04-20
EMP-914128,James,Greer,NB,IT Analyst,,(963)451-5856,70302.24,2005-09-20
EMP-915469,Heather,Nicholson,F,Supply Chain Coordinator,,001-499-673-6411,66840.15,2019-10-16
EMP-915720,Stephen,Moore,M,Supply Chain Coordinator,DEP-013,(457)430-1972x86778,66305.22,2008-04-09
EMP-919472,Sean,King,M,Medical Receptionist,DEP-013,3923269898,32000.39,2019-01-20
EMP-922079,Tyler,Tucker,M,IT Analyst,DEP-018,929-511-9222,84111.95,2022-08-03
EMP-922964,Renee,Anderson,F,Medical Coder,DEP-014,+1-616-935-9512x3975,63746.25,2012-04-16
EMP-923443,Maria,Young,F,IT Analyst,DEP-019,(575)698-7866x7860,60341.17,2022-05-04
EMP-928336,David,Mckinney,M,Facilities Manager,,389.647.4664x3611,62512.69,2010-11-01
EMP-928765,Megan,Woods,F,Patient Services Coordinator,,+1-275-914-7750x2559,41025.01,2026-06-01
EMP-928851,Thomas,Gonzalez,M,Patient Services Coordinator,DEP-008,+1-935-806-0411,48240.9,2024-05-16
EMP-929043,Daniel,Wright,M,Health Information Manager,DEP-012,461.452.1806x9655,67696.42,2020-07-19
EMP-930639,Richard,Becker,M,Billing Specialist,DEP-010,6172149554,49128.79,2016-01-04
EMP-931245,Tamara,Wilson,F,Health Information Manager,DEP-010,081.366.9497,86545.35,2017-02-03
EMP-932235,Eric,Evans,M,Hospital Administrator,,927.549.7137x75267,172202.16,2025-08-10
EMP-933055,Jessica,Hardy,F,Patient Services Coordinator,DEP-009,(649)999-4341x3784,41849.95,2019-10-27
EMP-933713,Cynthia,Garcia,F,Health Information Manager,DEP-016,+1-980-079-7295x1977,86191.02,2009-03-05
EMP-937481,Crystal,Klein,NB,HR Coordinator,DEP-014,001-185-296-1711,55541.85,2019-04-24
EMP-937723,Christina,Butler,F,Hospital Administrator,,001-089-814-3890x682,153109.25,2019-08-04
EMP-938106,Jeremy,Hunt,M,Health Information Manager,DEP-005,1150821746,96821.47,2007-03-07
EMP-938345,Julie,Castaneda,F,Health Information Manager,DEP-020,+1-797-283-3681x5204,79764.03,2013-10-31
EMP-940474,Shelby,Moses,F,Compliance Officer,,978.493.5909,101871.89,2013-03-01
EMP-942849,Lisa,Holmes,F,IT Analyst,DEP-005,395.941.9428x449,76327.37,2021-03-27
EMP-947103,Rebecca,Vang,F,Facilities Manager,DEP-019,789-633-0651x91939,66900.94,2024-04-10
EMP-952757,David,Perez,M,Compliance Officer,,393.606.5406x79491,89622.49,2010-08-11
EMP-954983,Amanda,Medina,F,Supply Chain Coordinator,DEP-015,256.924.9389x0431,58705.14,2022-02-19
EMP-955354,Darrell,Phillips,M,Medical Receptionist,DEP-018,+1-608-293-7570x2483,43961.85,2022-11-24
EMP-955543,John,Martin,M,Patient Services Coordinator,,880-159-4731,51173.66,2005-02-01
EMP-955986,Helen,Romero,F,Billing Specialist,DEP-014,702-978-2132,39599.03,2022-02-23
EMP-956652,Marie,Yates,F,Medical Coder,DEP-020,001-740-624-8176x707,50242.98,2012-02-09
EMP-957392,Katrina,Bradford,F,Medical Coder,DEP-020,496-832-3786x3689,54379.4,2023-01-22
EMP-959531,Matthew,Newman,M,Health Information Manager,,098.539.3098x0947,95736.18,2017-11-27
EMP-961857,Michael,Best,M,Compliance Officer,,(869)966-6242x4590,94297.98,2024-04-09
EMP-963029,Kevin,Meyer,M,Hospital Administrator,,034.884.0056x281,157288.53,2005-07-09
EMP-963880,Elizabeth,Bass,F,Health Information Manager,,701.168.3349x9880,65119.73,2006-04-24
EMP-964170,Marie,Rivera,F,HR Coordinator,DEP-008,+1-959-369-8441x969,58699.68,2019-12-22
EMP-965194,Cody,Wilson,M,HR Coordinator,,648.493.6632,68113.76,2008-07-09
EMP-968328,Bobby,Johnson,M,HR Coordinator,,+1-986-119-3036x5695,68700.34,2005-07-28
EMP-968450,Brett,Drake,M,Health Information Manager,,(069)099-1270x73381,76288.63,2017-10-31
EMP-971415,Bailey,Gregory,F,Medical Coder,DEP-004,+1-174-784-1124x4536,54230.54,2022-11-30
EMP-971497,Robert,Collins,M,Facilities Manager,DEP-009,072.859.9776x413,68657.41,2005-08-22
EMP-972540,Brian,Smith,M,Hospital Administrator,DEP-006,239-016-3790,119577.55,2015-11-04
EMP-974178,Austin,Robinson,M,Billing Specialist,DEP-014,+1-198-968-8872x383,55341.25,2015-07-19
EMP-974505,Donna,Woods,F,Hospital Administrator,DEP-012,440-730-2235x34978,146090.85,2012-01-29
EMP-976362,John,Campbell,M,Compliance Officer,DEP-003,384-528-9187,82735.92,2022-04-21
EMP-981093,Tiffany,Rodriguez,F,Supply Chain Coordinator,DEP-016,(374)210-7975x96345,56606.78,2017-01-16
EMP-982035,George,Jones,M,Quality Assurance Analyst,,(425)208-1752x59409,74986.68,2012-02-24
EMP-982852,Tyler,Gonzalez,M,Medical Receptionist,,708-398-7203x69924,45961.68,2018-07-14
EMP-983570,Kathleen,Davis,F,Medical Receptionist,DEP-003,756.284.3486,32406.2,2012-07-24
EMP-985560,David,Ray,M,Billing Specialist,DEP-003,489-454-2129x11117,39715.0,2005-03-13
EMP-989178,Colleen,Tanner,F,Billing Specialist,DEP-012,2149671950,48789.14,2020-07-23
EMP-989443,Mark,Young,NB,Compliance Officer,,937-000-4396,73564.23,2026-03-22
EMP-989920,Bradley,Miller,M,Quality Assurance Analyst,DEP-009,628.676.4500x811,68971.45,2024-12-12
EMP-993317,Joseph,Jimenez,M,HR Coordinator,DEP-015,805-262-5224x64452,61581.2,2019-12-26
EMP-996203,Jodi,Wallace,F,Medical Coder,DEP-001,276.421.1322x57884,53443.77,2011-11-13
EMP-997874,Patrick,Salazar,M,HR Coordinator,DEP-016,(279)930-9701x4504,62800.59,2023-12-08
EMP-999823,Cody,Spencer,M,HR Coordinator,DEP-007,001-146-464-3181x567,64274.59,2018-03-29
