nurse_id,first_name,last_name,birth_date,gender,contact,position,department_id,hire_date
NUR-102259,Debra,Garcia,1996-10-28,F,(581)504-8451x98749,CRNA,DEP-018,2015-02-18
NUR-102660,Ann,Juarez,1972-05-28,F,943.743.9827,Nurse Informaticist,DEP-010,2000-03-24
NUR-103681,Jessica,Smith,1991-03-11,F,496.589.7541,ER,DEP-001,2021-10-04
NUR-105757,Tamara,Norton,1968-06-03,F,001-265-323-0238x520,Med-Surgical,DEP-020,2001-04-13
NUR-108164,Austin,Prince,1970-07-13,M,001-916-836-7041,CRNA,DEP-020,2010-03-13
NUR-108707,Annette,Figueroa,1965-06-10,F,+1-806-463-4531x111,Nurse Educator,DEP-004,2011-09-20
NUR-109079,Elizabeth,Brown,1985-11-23,F,001-213-450-1805x501,Nurse Practitioner,DEP-014,2023-11-20
NUR-109273,Kristin,Sweeney,1991-06-06,F,(741)991-0405x0336,Oncology Nurse,DEP-010,2004-06-17
NUR-110835,Jessica,Shields,1972-11-22,F,(215)548-4513x283,Med-Surgical,DEP-002,2004-04-30
NUR-111485,Kristen,Koch,1982-05-14,F,+1-104-180-7902x4337,Midwife,DEP-009,2004-04-14
NUR-111691,Karen,Martinez,2004-07-16,F,4855907458,Nurse Practitioner,DEP-003,2003-06-20
NUR-112592,Douglas,Hill,1990-04-08,M,3212105459,Nurse Educator,DEP-011,2000-12-07
NUR-113356,Patricia,Martin,1986-02-22,F,001-609-155-4806x566,Midwife,DEP-009,2023-10-03
NUR-116095,Katelyn,Hicks,1994-11-19,F,001-177-341-5980x396,RN,DEP-010,2012-04-13
NUR-116433,Michelle,Boyd,1968-12-06,F,136.733.2291x92258,ER,DEP-001,2005-01-15
NUR-118050,Nicole,Johnson,2000-03-28,F,066.537.1894,RN,DEP-002,2015-09-02
NUR-118872,Kimberly,Davis,1974-08-29,NB,(723)310-1731x0116,CRNA,DEP-001,2019-06-18
NUR-119391,Dana,Merritt,1977-05-04,F,+1-666-779-0414,CRNA,DEP-020,2009-08-21
NUR-120959,Linda,Small,1975-09-17,F,766-076-5015,Nurse Administrator,DEP-009,2020-05-04
NUR-121395,Luke,White,1964-08-11,M,001-753-623-0701x210,Midwife,DEP-009,2010-06-09
NUR-123454,Jennifer,Martinez,1979-03-26,F,001-613-302-4142,Midwife,DEP-009,2013-01-12
NUR-125359,Lisa,Ward,1976-07-16,F,340-014-4828x53857,Nurse Educator,DEP-013,2005-08-13
NUR-127004,Abigail,Mendoza,2000-10-06,F,251-388-0510,LPN,DEP-004,2013-06-14
NUR-127114,Marisa,Brown,2001-12-08,F,(118)763-4950x87986,Nurse Informaticist,DEP-019,2000-01-17
NUR-128563,Zachary,Martinez,1964-03-19,M,(595)978-2614x777,Med-Surgical,DEP-001,2004-02-23
NUR-129741,Tracey,Henderson,1964-02-13,F,0011017940,LPN,DEP-019,2000-03-17
NUR-130394,Jaime,Sanchez,1967-11-13,F,197.125.4722x720,RN,DEP-009,2010-02-27
NUR-130938,Jessica,Torres,2003-05-25,F,+1-105-638-0048x1941,Nurse Informaticist,DEP-003,2025-04-17
NUR-131727,Deborah,Ryan,1984-06-18,F,285-119-1650x81766,RN,DEP-002,2000-10-11
NUR-131865,Christina,Reynolds,2000-01-12,F,001-801-826-4768x182,LPN,DEP-005,2000-03-26
NUR-133881,Carl,Bryant,1962-08-28,M,001-154-447-1221x076,LPN,DEP-009,2008-11-29
NUR-134182,Bradley,Rodriguez,1976-09-27,NB,(480)725-9826,Med-Surgical,DEP-020,2011-08-21
NUR-135085,Shelia,Morrison,1986-11-10,F,423.239.9113,CRNA,DEP-001,2013-07-03
NUR-135906,Jennifer,Durham,1970-09-13,F,(704)489-6489,Nurse Informaticist,DEP-009,2005-05-24
NUR-136157,Kimberly,Ferguson,1975-11-05,F,024-310-2533x2338,Nurse Administrator,DEP-014,2025-06-28
NUR-136756,Charles,Webster,1982-04-20,M,808.564.5201x9615,Med-Surgical,DEP-004,2018-12-11
NUR-137452,Diana,Pope,1968-04-06,F,(799)161-3664x240,LPN,DEP-016,2006-08-07
NUR-137993,Lori,Flores,1998-02-23,F,302.566.8202,RN,DEP-002,2019-11-21
NUR-138426,Jonathan,Bond,1996-08-28,M,261.532.3416x5913,Midwife,DEP-009,2011-10-11
NUR-138714,Courtney,Neal,1982-09-01,F,686-405-5772x697,Nurse Practitioner,DEP-005,2017-02-03
NUR-139100,Kayla,Williams,1997-12-04,F,416-609-8597,Nurse Educator,DEP-005,2000-12-20
NUR-139790,Patty,Davis,1973-07-24,F,(705)598-4546,Nurse Practitioner,DEP-004,2026-05-30
NUR-140282,Bonnie,Contreras,1973-05-29,F,5220244659,Nurse Practitioner,DEP-003,2015-08-26
NUR-140318,Yolanda,Castro,1981-04-30,F,(865)044-1213x708,RN,DEP-007,2016-07-18
NUR-143352,Cheryl,Ramos,1980-03-19,F,+1-851-112-4865,Nurse Informaticist,DEP-014,2019-01-21
NUR-143575,Paul,Adams,1981-07-29,NB,+1-029-736-0762,Nurse Educator,DEP-016,2021-04-30
NUR-144307,Maria,Cain,1973-07-09,F,001-210-703-0121x822,RN,DEP-010,2025-07-01
NUR-144613,Lacey,Dunn,1987-12-09,F,+1-934-218-0170,RN,DEP-007,2024-10-07
NUR-144695,Aaron,Cole,1988-05-26,M,(071)925-6422x9239,Nurse Practitioner,DEP-004,2014-12-16
NUR-145770,Sean,Allen,1989-03-25,M,952.270.3478x80204,Oncology Nurse,DEP-010,2018-10-29
NUR-147181,Jennifer,Flores,1961-08-31,F,860.082.3539x2851,RN,DEP-012,2003-10-21
NUR-148781,Nicole,Wyatt,1970-06-25,F,360.794.8170x905,CRNA,DEP-001,2000-06-27
NUR-148911,Sara,Cook,1994-01-09,F,(395)674-8181x4468,Nurse Educator,DEP-007,2024-10-20
NUR-149214,Nichole,Richardson,1992-04-17,F,+1-604-437-7131x3257,Midwife,DEP-009,2002-08-23
NUR-151159,Kelly,Brown,1999-06-05,F,001-736-653-8586x948,RN,DEP-015,2022-07-31
NUR-151377,Margaret,Rowe,1974-10-13,F,597.274.7779x990,Med-Surgical,DEP-002,2001-11-18
NUR-151808,Lori,Turner,1988-12-02,F,(547)836-3752x36960,Nurse Practitioner,DEP-017,2003-04-28
NUR-153016,April,Trujillo,2004-02-02,F,001-651-932-1857,RN,DEP-006,2019-11-21
NUR-153621,Teresa,Padilla,1995-06-09,F,001-754-726-6965x806,Nurse Administrator,DEP-014,2020-12-04
NUR-154284,Christina,Kent,1977-09-14,F,297-269-7638,Nurse Educator,DEP-003,2006-04-22
NUR-156045,Jennifer,Hampton,1980-11-13,F,(053)883-1148,RN,DEP-012,2024-09-26
NUR-157415,Amy,Miller,1962-11-25,F,9700664632,CRNA,DEP-018,2016-04-01
NUR-158433,Aaron,Smith,1991-12-12,M,001-459-880-8785x611,Med-Surgical,DEP-001,2010-12-28
NUR-158825,Tami,Johnston,1978-11-05,F,001-962-113-9806x771,Oncology Nurse,DEP-010,2008-07-19
NUR-159560,Mary,Brooks,1964-12-13,F,001-581-401-4114x577,Nurse Informaticist,DEP-010,2005-11-17
NUR-160277,Jennifer,Turner,1994-06-25,F,001-488-230-1158x926,ER,DEP-001,2025-03-18
NUR-160947,Yvonne,Diaz,1991-10-08,F,463.890.9388x240,LPN,DEP-005,2019-09-03
NUR-161735,Kimberly,Jones,1975-07-14,F,+1-446-598-8249x2072,RN,DEP-005,2001-01-14
NUR-162294,Karen,Smith,1977-09-29,F,117-609-1740x40274,Midwife,DEP-009,2023-04-07
NUR-162698,Rachel,Byrd,1987-08-01,F,384-230-2972,ER,DEP-001,2024-01-11
NUR-163153,Tina,Lloyd,1991-03-23,F,123.442.2905,Midwife,DEP-009,2005-05-18
NUR-165287,Rachel,Mcgee,2002-04-01,F,879.543.9463,Nurse Practitioner,DEP-004,2015-11-13
NUR-165525,Victoria,Murphy,1972-07-26,F,001-519-362-7596,Oncology Nurse,DEP-010,2013-08-14
NUR-165543,Mary,Mathews,1977-06-25,F,311.044.7742,Med-Surgical,DEP-004,2019-03-20
NUR-166721,Stephanie,Willis,1982-08-06,F,264.824.1187x389,Nurse Informaticist,DEP-016,2012-08-01
NUR-167071,Heather,Gordon,1992-10-24,F,326-225-0686,RN,DEP-005,2022-08-14
NUR-167132,Angela,Smith,1999-06-14,F,412.594.5214,Nurse Administrator,DEP-018,2019-02-07
NUR-167173,Kaitlyn,Compton,1974-07-03,F,001-270-435-7677x081,Med-Surgical,DEP-001,2012-08-03
NUR-167455,Michelle,Hall,2004-04-16,F,153-535-0640,CRNA,DEP-002,2005-01-28
NUR-167910,Tara,Hernandez,1987-01-22,F,815.614.7362x537,Oncology Nurse,DEP-010,2008-12-08
NUR-168431,Renee,Jordan,1961-05-30,F,879-631-7820,Nurse Informaticist,DEP-004,2003-06-12
NUR-169254,Cheryl,Potter,1981-10-12,F,(718)162-8898,Nurse Informaticist,DEP-001,2016-07-29
NUR-170400,Stephen,Werner,1996-07-03,NB,(003)089-9957,LPN,DEP-004,2026-03-23
NUR-173298,Sharon,Rodriguez,1989-09-02,F,+1-597-357-6274x4442,Nurse Practitioner,DEP-011,2018-06-12
NUR-174869,Heather,Thompson,2003-01-03,F,019-456-6145,Oncology Nurse,DEP-010,2023-08-26
NUR-175454,Carolyn,Jones,1991-08-26,F,112-529-7469x7483,LPN,DEP-009,2006-03-06
NUR-175531,Cheryl,Sanford,1968-03-15,F,+1-591-927-9287x725,Nurse Administrator,DEP-014,2008-05-04
NUR-176079,Amanda,Garcia,2001-08-07,F,(460)951-6970x558,CRNA,DEP-018,2010-08-18
NUR-176250,Lauren,Bridges,1968-07-02,F,5838360884,Nurse Educator,DEP-008,2006-05-09
NUR-178230,Brian,Johnson,1979-12-21,M,7652733529,Nurse Educator,DEP-015,2023-05-14
NUR-179588,Christopher,Cunningham,1990-01-25,M,1742201660,RN,DEP-017,2018-08-19
NUR-181390,Nathan,Carrillo,1961-09-18,NB,+1-517-872-0219,RN,DEP-005,2003-02-08
NUR-182504,Jacqueline,Hicks,1985-12-08,F,001-946-136-7402,RN,DEP-005,2012-06-28
NUR-182633,Sandra,Patel,1980-12-13,F,+1-318-386-3797,Nurse Informaticist,DEP-005,2022-08-18
NUR-183927,Elizabeth,Burke,1994-03-31,F,922-951-5511x58971,RN,DEP-012,2020-10-23
NUR-184144,Andre,Miller,1960-09-24,M,1253515967,Nurse Administrator,DEP-015,2000-08-10
NUR-187740,Brittany,Smith,1980-04-15,F,131-403-7605x4458,Nurse Educator,DEP-007,2013-03-09
NUR-188187,Cheyenne,Reyes,1978-02-03,F,001-484-925-2447x249,Nurse Informaticist,DEP-012,2011-11-27
NUR-188529,Lisa,Brown,1963-12-09,F,(159)952-7262x7192,Med-Surgical,DEP-001,2009-10-03
NUR-188754,Taylor,Weiss,1968-01-15,F,662.998.0751x417,RN,DEP-003,2010-05-22
NUR-189674,Robin,Turner,1980-10-26,F,(815)856-1413,RN,DEP-016,2010-05-05
NUR-191085,Katie,Johnson,1970-09-30,F,(533)390-9268x106,ER,DEP-001,2022-02-26
NUR-191333,Jennifer,Campbell,1965-05-03,F,323.861.3159x4838,Nurse Educator,DEP-008,2013-01-06
NUR-192222,Katelyn,Warren,1967-09-12,F,+1-504-930-9011x196,Nurse Informaticist,DEP-003,2000-04-01
NUR-192482,Heather,Arroyo,1965-07-14,F,8196510130,LPN,DEP-013,2018-09-04
NUR-192918,Rachel,Oneill,1997-09-12,F,(067)517-7768x32926,Nurse Practitioner,DEP-002,2023-04-07
NUR-193467,Sara,Anderson,1973-04-19,F,+1-060-183-5504x221,CRNA,DEP-002,2021-10-01
NUR-193581,Samantha,Harrison,1984-07-08,F,261-203-3685x82210,Med-Surgical,DEP-020,2005-06-26
NUR-195862,Patricia,Roth,1993-06-30,F,299-790-9988,Nurse Administrator,DEP-004,2015-08-04
NUR-196680,Christina,Harding,1971-11-23,F,+1-041-261-0012x0681,Med-Surgical,DEP-001,2018-10-11
NUR-196738,Mary,Villa,1994-05-10,F,(331)529-3731,Nurse Informaticist,DEP-003,2005-01-28
NUR-197475,Heather,Wilcox,1998-08-22,F,+1-041-292-5152x5416,Med-Surgical,DEP-004,2007-10-17
NUR-197654,Stacy,Rodgers,1962-07-11,F,+1-280-753-2120x7782,Nurse Educator,DEP-008,2024-12-05
NUR-197756,Alyssa,Rowe,1966-12-07,F,(356)140-5959x09405,Nurse Administrator,DEP-016,2010-02-17
NUR-197970,Joy,Foster,1974-10-03,F,626-048-1833x4725,LPN,DEP-019,2011-12-10
NUR-200395,Wayne,Hogan,1977-11-16,M,001-077-520-9532x238,Nurse Educator,DEP-014,2020-09-09
NUR-201516,Christina,Jackson,1963-08-25,F,199.669.7082x1601,Med-Surgical,DEP-002,2014-05-12
NUR-201568,Jennifer,Williams,1977-12-10,F,366.643.0315,LPN,DEP-014,2011-10-20
NUR-201987,Rachel,Hall,1981-12-03,F,121.989.9606x2714,Midwife,DEP-009,2026-05-24
NUR-202925,Misty,Vincent,1987-05-30,F,093.043.1702,Nurse Practitioner,DEP-008,2004-12-24
NUR-203074,Rebecca,Higgins,1977-09-01,F,723-600-1340x1328,Nurse Informaticist,DEP-008,2021-03-13
NUR-203478,Kylie,Martin,2003-08-13,F,+1-561-742-4590x188,Oncology Nurse,DEP-010,2000-09-21
NUR-204956,Christina,Woods,1980-01-27,F,(764)886-1384x5482,Nurse Administrator,DEP-002,2000-06-19
NUR-205303,Deborah,Torres,1975-06-02,F,+1-294-631-2924x756,ER,DEP-001,2000-06-19
NUR-205498,Kathryn,Garcia,1964-01-24,F,+1-273-943-1779,Nurse Administrator,DEP-017,2014-03-29
NUR-205774,Mark,Franco,1991-05-29,M,+1-839-178-1370x228,ER,DEP-001,2006-03-07
NUR-205883,Angela,Smith,1990-09-25,F,(593)021-9327x866,Midwife,DEP-009,2002-05-21
NUR-207415,Heather,Walker,1995-06-02,F,001-892-241-0358x073,Med-Surgical,DEP-001,2018-10-27
NUR-210006,James,Reynolds,1981-03-05,NB,+1-247-171-9213x8097,Nurse Administrator,DEP-011,2008-11-20
NUR-211127,Veronica,Wheeler,1999-10-11,F,105.825.1866x39401,Med-Surgical,DEP-001,2016-05-27
NUR-211828,Ashley,Thomas,1976-03-20,F,001-332-332-5991x337,Med-Surgical,DEP-002,2017-04-09
NUR-212936,Kathryn,Donaldson,1963-10-18,F,+1-090-317-6087x2482,Oncology Nurse,DEP-010,2006-12-29
NUR-213333,Sarah,Allen,1968-05-20,F,056-314-8576x822,Midwife,DEP-009,2024-05-06
NUR-213747,Leah,Boyle,1987-11-05,F,001-307-784-0594x197,Oncology Nurse,DEP-010,2014-09-29
NUR-214127,Andrew,Hill,1993-04-16,M,8338723967,LPN,DEP-002,2001-03-07
NUR-215135,Carla,Robinson,1979-05-07,F,(877)483-7561x6719,RN,DEP-010,2016-11-09
NUR-215950,Timothy,Jones,1980-08-09,M,503-226-5709,Med-Surgical,DEP-001,2022-12-09
NUR-219249,Susan,Thomas,1985-08-27,F,001-762-939-1455x040,Nurse Informaticist,DEP-004,2025-04-23
NUR-221384,Tara,Tyler,1987-01-26,F,001-949-981-0173,Nurse Administrator,DEP-015,2025-06-26
NUR-221750,Regina,Smith,1962-05-07,F,(552)494-2165x632,Med-Surgical,DEP-020,2000-09-13
NUR-221987,Christina,Castillo,1980-03-17,F,753.286.6122,RN,DEP-017,2016-12-07
NUR-223319,Jessica,Petersen,1983-07-21,F,001-760-914-9760x620,Nurse Educator,DEP-015,2010-09-08
NUR-223427,Katrina,Price,1997-01-19,F,(761)018-0739,RN,DEP-002,2012-07-08
NUR-227245,Amber,Salazar,1974-08-28,F,001-520-484-9104,Nurse Informaticist,DEP-005,2024-09-26
NUR-227647,Danielle,Soto,1989-04-04,F,+1-714-229-7075x785,ER,DEP-001,2014-12-03
NUR-228058,Sarah,Roach,1974-09-10,F,001-520-945-7410,Nurse Administrator,DEP-003,2007-01-30
NUR-228255,Andrea,Smith,1964-09-11,F,382-593-9287,ER,DEP-001,2019-05-10
NUR-231179,Thomas,Hall,1998-11-28,M,802-292-3004,Nurse Educator,DEP-004,2026-03-07
NUR-232061,Jordan,Bridges,1968-12-13,F,001-503-259-8994x106,CRNA,DEP-002,2005-10-22
NUR-233667,Haley,Vasquez,1999-07-11,F,001-585-479-4390x862,RN,DEP-009,2006-05-26
NUR-234067,Mark,Pittman,1970-02-02,NB,667.822.2803,Midwife,DEP-009,2008-11-19
NUR-234449,Vanessa,Morgan,1987-09-30,F,283-519-4978x49232,Med-Surgical,DEP-002,2024-07-16
NUR-234632,Charlene,Taylor,1970-03-29,F,(199)912-6426x9655,LPN,DEP-014,2001-06-19
NUR-235130,Jacob,Snyder,1970-10-16,M,330-672-2506x6716,RN,DEP-003,2000-01-01
NUR-235833,Jessica,Williams,1968-04-27,F,7633203076,Nurse Administrator,DEP-014,2008-09-25
NUR-236258,Adrian,Shaffer,1986-09-04,M,613.129.9320x9959,CRNA,DEP-018,2006-12-07
NUR-236534,Judith,Patterson,1997-05-23,F,718-437-0084x1994,Nurse Educator,DEP-017,2008-09-27
NUR-236862,Jenna,Sparks,1989-11-20,F,097-652-7187,Nurse Informaticist,DEP-002,2016-02-03
NUR-237634,Alicia,Montoya,1978-11-20,F,001-788-299-0255x506,Nurse Educator,DEP-011,2013-04-26
NUR-237858,Brittany,Taylor,1976-10-06,F,398.807.8786,Med-Surgical,DEP-001,2000-06-02
NUR-239347,Debra,Mcdonald,1975-04-15,F,015.846.1233x2617,Nurse Informaticist,DEP-004,2018-08-14
NUR-240280,Christine,Forbes,2004-07-16,F,3814116427,Nurse Administrator,DEP-020,2018-02-02
NUR-245995,Tina,Estrada,1977-02-20,F,5457274043,Nurse Informaticist,DEP-005,2023-08-29
NUR-247020,Ann,Thornton,1973-08-30,F,1260101279,Nurse Administrator,DEP-003,2015-10-15
NUR-247836,Edward,Le,1978-03-16,M,001-443-029-7553,Oncology Nurse,DEP-010,2022-10-06
NUR-249027,Michael,Tyler,2004-04-05,M,(621)423-1181x04731,Med-Surgical,DEP-001,2019-08-24
NUR-249210,Melissa,Fuller,1977-06-03,F,416.884.6245x205,Oncology Nurse,DEP-010,2022-07-10
NUR-249839,Rachel,Meyers,1975-12-12,F,+1-506-099-7584x944,Med-Surgical,DEP-001,2021-04-15
NUR-250219,Ashley,Gallegos,1971-03-14,F,803-134-2037x28796,RN,DEP-018,2015-03-07
NUR-251683,Vernon,Haas,1989-06-13,M,138-145-6357x917,Nurse Informaticist,DEP-017,2020-04-21
NUR-253356,Suzanne,Berg,1996-11-20,F,(343)548-8786,ER,DEP-001,2012-06-18
NUR-254662,Diamond,Robertson,1983-03-31,F,001-059-236-5767x584,Nurse Informaticist,DEP-010,2010-03-20
NUR-256399,Tammy,Kent,1971-06-07,F,053.341.1842x7566,Midwife,DEP-009,2013-01-01
NUR-256645,April,Collins,1979-12-13,F,001-697-158-0028x866,RN,DEP-017,2008-05-12
NUR-257364,Jane,Hunt,2002-10-13,F,494-228-7453,CRNA,DEP-018,2017-04-18
NUR-261618,Amanda,Sutton,1968-04-01,F,001-817-354-4219,Nurse Informaticist,DEP-015,2012-10-31
NUR-264261,Brittany,Brown,1983-05-02,F,001-346-786-7665x789,Nurse Practitioner,DEP-014,2019-07-10
NUR-264972,Ruth,Sanchez,1989-04-26,F,516-403-5224x1625,Midwife,DEP-009,2005-10-21
NUR-266483,Angelica,Wilson,1970-10-15,F,+1-054-110-5361x030,Nurse Informaticist,DEP-018,2022-06-02
NUR-268814,Tammy,Powell,1968-06-26,F,379-131-6996x776,Nurse Informaticist,DEP-009,2001-11-30
NUR-272074,Lindsey,Peterson,1988-11-18,F,(401)388-6468x163,CRNA,DEP-018,2022-05-19
NUR-275472,Robin,Chambers,1962-06-28,F,001-212-897-6983x757,Oncology Nurse,DEP-010,2006-10-03
NUR-276081,Sharon,Adams,1974-12-22,F,+1-093-620-4310x655,Midwife,DEP-009,2001-11-18
NUR-276546,Peggy,Brown,2000-12-10,NB,+1-673-391-8227x467,Nurse Informaticist,DEP-005,2010-01-10
NUR-278899,Anthony,Hurley,1963-05-21,M,161-563-9765,ER,DEP-001,2026-04-02
NUR-279058,Theresa,Brown,1972-07-02,F,(671)350-1082,Midwife,DEP-009,2006-12-26
NUR-280557,Teresa,Wagner,1979-07-13,F,(535)019-5463x580,ER,DEP-001,2012-08-22
NUR-281284,Jennifer,Dyer,1968-10-30,F,776.179.5359,LPN,DEP-001,2006-11-17
NUR-281454,Sarah,Lopez,1988-06-03,F,001-744-021-0256x064,CRNA,DEP-002,2019-01-05
NUR-282327,Jennifer,Bradley,1963-06-30,F,571-752-2644x8558,Nurse Informaticist,DEP-011,2022-08-07
NUR-283290,Lisa,Jordan,1992-06-08,F,001-252-236-3807x319,Nurse Informaticist,DEP-009,2016-08-02
NUR-284299,Sabrina,Pruitt,1995-03-07,F,091.763.9222,RN,DEP-012,2020-02-19
NUR-284358,Charlotte,Kemp,1979-02-27,F,001-900-055-6938x837,Nurse Informaticist,DEP-004,2004-12-10
NUR-284426,Erin,Brennan,1997-07-24,F,5640581899,Nurse Administrator,DEP-006,2025-08-31
NUR-285048,Jacqueline,Baker,2003-10-28,F,(453)506-8431,ER,DEP-001,2011-11-08
NUR-285422,Jasmine,Mills,1977-10-02,F,668-699-2717x045,LPN,DEP-012,2001-04-17
NUR-289009,Jason,Hale,1974-08-21,M,985-619-9606x2711,Nurse Informaticist,DEP-001,2014-04-02
NUR-289484,Amy,Ewing,1987-09-17,F,+1-495-533-0681x6982,Oncology Nurse,DEP-010,2007-10-10
NUR-290245,Sabrina,Thomas,1998-09-20,F,837.368.7821,CRNA,DEP-002,2007-10-04
NUR-290755,Kayla,Lee,1975-09-24,F,789-433-8911,Nurse Educator,DEP-020,2013-03-24
NUR-292576,Jessica,Schultz,1992-06-19,F,001-487-916-8534x671,Nurse Administrator,DEP-010,2004-12-10
NUR-294174,Morgan,Ferguson,1978-07-29,F,+1-869-051-0294,Nurse Administrator,DEP-018,2011-07-18
NUR-296160,Nancy,Blair,1963-06-30,F,988.568.2493x66093,Nurse Practitioner,DEP-010,2000-04-15
NUR-297309,Janet,Lewis,1961-10-30,F,(458)936-7054x9395,Nurse Administrator,DEP-008,2019-01-21
NUR-298135,Melinda,Burgess,1992-06-03,F,817-406-6292,Midwife,DEP-009,2024-06-27
NUR-298657,Danielle,Turner,1983-10-05,F,+1-762-922-2795x412,RN,DEP-012,2015-01-18
NUR-299727,Barbara,Martinez,1997-09-30,F,001-205-055-6879x674,Oncology Nurse,DEP-010,2004-07-12
NUR-299730,Rachel,Jimenez,1979-11-25,F,849.117.9112x7859,Midwife,DEP-009,2006-12-25
NUR-303090,Melissa,Cabrera,1971-07-14,F,+1-546-312-6531,ER,DEP-001,2011-04-29
NUR-303506,Maria,Smith,1979-03-12,F,001-592-317-6067x420,Midwife,DEP-009,2015-01-10
NUR-303974,Regina,Nguyen,1976-08-09,F,001-477-705-5847x988,CRNA,DEP-020,2005-12-29
NUR-304599,Mary,Buckley,1975-03-28,F,234.732.6598x28367,Nurse Practitioner,DEP-019,2021-02-22
NUR-304812,Chelsea,Hunt,1963-12-26,NB,001-671-127-0746x118,Midwife,DEP-009,2010-08-09
NUR-304948,Brittany,Kim,1965-04-15,F,(626)595-3886x759,ER,DEP-001,2025-08-14
NUR-306926,Sarah,Newman,1965-05-30,F,(984)894-4672,LPN,DEP-002,2007-10-14
NUR-308987,Amber,Williams,2003-06-02,F,001-458-721-7064x491,Nurse Informaticist,DEP-006,2007-11-25
NUR-309338,Ricky,Barr,1998-10-31,NB,+1-547-808-2935x222,Midwife,DEP-009,2016-12-13
NUR-309698,Meagan,Silva,2002-12-31,F,+1-072-142-5883,CRNA,DEP-002,2014-10-23
NUR-309906,Laura,Cox,1993-03-28,NB,+1-319-952-0660x0589,ER,DEP-001,2006-11-01
NUR-311030,Curtis,Stephens,1968-11-19,M,184-582-6051x927,ER,DEP-001,2018-05-22
NUR-312641,Lydia,Smith,1994-02-09,F,(824)835-9188x6946,CRNA,DEP-020,2002-05-20
NUR-313194,Kendra,Werner,1971-08-21,F,765.393.4049x2245,Nurse Informaticist,DEP-012,2022-12-27
NUR-314508,Veronica,Anderson,1970-08-16,F,+1-763-198-3432x0407,Nurse Informaticist,DEP-002,2012-04-23
NUR-316786,Heather,Armstrong,1962-05-27,F,690.181.2375,Nurse Practitioner,DEP-014,2011-10-15
NUR-317391,Joanna,Gill,1984-06-19,F,001-380-554-8143x575,Nurse Practitioner,DEP-009,2024-10-19
NUR-318513,Ruben,Hughes,1998-07-25,M,576-407-9727,LPN,DEP-013,2010-09-22
NUR-320257,Steven,Frazier,1990-06-19,M,+1-033-596-9286x9869,ER,DEP-001,2022-06-19
NUR-320358,Kerry,Jackson,1977-07-29,F,+1-702-741-6695x3531,Nurse Educator,DEP-019,2018-09-19
NUR-320454,Brooke,Jensen,1974-10-22,F,(596)540-0698x706,CRNA,DEP-002,2002-06-09
NUR-321640,Andrea,Roach,1962-05-31,F,+1-591-701-4883x7943,Nurse Administrator,DEP-013,2003-07-30
NUR-322443,Stephanie,Baker,1968-03-23,NB,387-376-5557x57906,ER,DEP-001,2024-03-05
NUR-323860,Eric,Smith,1983-05-17,M,+1-829-512-8536x2186,LPN,DEP-004,2008-04-20
NUR-327022,Jennifer,Rivera,1988-12-29,F,(072)786-3569x03646,LPN,DEP-011,2000-06-27
NUR-328495,Catherine,Williams,1976-11-10,F,001-651-156-9164x911,RN,DEP-014,2003-08-13
NUR-328786,Jimmy,Ortiz,1973-01-14,M,+1-205-579-9234x422,Nurse Informaticist,DEP-006,2022-04-13
NUR-329271,Teresa,Clayton,1985-09-29,F,+1-605-091-1588x1618,LPN,DEP-016,2022-10-08
NUR-330010,Rebekah,Martin,1963-10-12,F,852.051.1285,Nurse Administrator,DEP-015,2007-03-24
NUR-330447,Krista,Sosa,1997-10-13,F,+1-469-236-1309x3963,RN,DEP-007,2021-01-23
NUR-332010,Brittany,Wall,1992-03-24,F,001-906-374-1789x927,CRNA,DEP-018,2015-04-14
NUR-334128,Ashley,Barnes,1997-06-18,F,+1-283-078-1032x1155,Nurse Informaticist,DEP-009,2001-05-30
NUR-334567,Felicia,Anderson,1983-09-08,F,175-974-4025x3053,RN,DEP-005,2018-01-31
NUR-335600,Kathleen,Lopez,1998-10-26,F,008-795-8395,Med-Surgical,DEP-001,2017-10-21
NUR-336690,Jennifer,Campos,1964-02-09,F,+1-473-895-3230x7967,LPN,DEP-012,2006-04-01
NUR-337481,Renee,Young,1971-05-20,F,+1-556-701-1420x886,Nurse Educator,DEP-010,2019-04-08
NUR-337588,Tiffany,Arias,1992-07-17,F,001-527-109-9267x258,Med-Surgical,DEP-020,2003-06-15
NUR-338320,Rachael,Erickson,1967-09-23,F,183-991-6434x131,Nurse Informaticist,DEP-014,2022-12-30
NUR-340086,Gabrielle,Mckinney,1994-07-21,F,+1-492-548-9174x078,Nurse Practitioner,DEP-010,2020-12-13
NUR-340277,Nicole,Alvarez,1981-06-11,F,(443)778-3771,Midwife,DEP-009,2024-06-25
NUR-342206,Danielle,Fowler,1997-06-10,F,436-778-4904x48434,Med-Surgical,DEP-004,2019-01-30
NUR-342869,Jill,Fisher,1960-12-27,F,+1-740-963-4716x1167,Nurse Educator,DEP-015,2025-06-02
NUR-345328,Angel,Baker,1965-12-27,F,001-560-055-6451x652,LPN,DEP-004,2026-02-02
NUR-346998,Angela,Johnson,1992-07-08,F,001-598-636-8822x535,CRNA,DEP-020,2011-09-26
NUR-349482,Kimberly,Walter,1969-06-30,F,468.638.2070x7900,Nurse Informaticist,DEP-006,2021-03-27
NUR-349987,Bethany,Alexander,1992-04-06,F,001-538-538-7560,RN,DEP-009,2024-05-21
NUR-349992,Amber,Dixon,1974-03-21,F,001-507-604-9567,Oncology Nurse,DEP-010,2010-04-26
NUR-351532,Cassandra,Saunders,1998-10-25,F,001-092-020-5679x099,Nurse Practitioner,DEP-001,2003-02-11
NUR-352602,Krista,Keller,1985-04-28,F,553.690.0300,CRNA,DEP-020,2001-03-01
NUR-352618,Courtney,Lewis,1960-12-05,F,+1-028-999-5979,Nurse Practitioner,DEP-002,2002-11-30
NUR-353542,Beverly,Lewis,1996-01-10,F,965.687.7550,Nurse Practitioner,DEP-020,2005-07-11
NUR-354326,Cynthia,Haynes,2003-11-02,F,0993114016,LPN,DEP-020,2024-03-31
NUR-354587,Brenda,Stanley,1997-12-03,F,697.956.1226,ER,DEP-001,2016-01-05
NUR-354898,Carol,Thomas,1976-08-06,NB,+1-298-783-5424x4670,Nurse Informaticist,DEP-001,2018-07-23
NUR-355359,Daniel,Walker,2002-11-19,M,001-265-994-3819,Nurse Administrator,DEP-012,2004-01-01
NUR-355410,Jessica,Frazier,2000-07-21,F,870-170-7208,Nurse Informaticist,DEP-020,2024-06-07
NUR-355785,Karen,Mitchell,1979-02-19,F,001-577-755-8132x763,Med-Surgical,DEP-002,2010-10-18
NUR-357843,Samantha,Martinez,1969-10-15,NB,4322875884,Oncology Nurse,DEP-010,2025-08-31
NUR-358411,Andrea,Bailey,1969-11-04,F,1563899185,Med-Surgical,DEP-004,2019-08-07
NUR-358514,Hannah,Bush,1982-01-05,F,(633)987-7714x3005,Med-Surgical,DEP-020,2006-08-21
NUR-358963,Anne,Williams,1989-09-02,F,677-939-2974x05293,Oncology Nurse,DEP-010,2017-01-09
NUR-359747,Ronald,Combs,1963-02-15,NB,465-037-9677x498,Nurse Practitioner,DEP-004,2023-05-28
NUR-361010,David,Ford,1992-05-19,NB,(607)275-0521,ER,DEP-001,2000-10-23
NUR-361427,Anna,Sellers,1986-09-12,F,+1-262-368-5082x6339,Nurse Practitioner,DEP-018,2005-07-09
NUR-363054,Derek,Wong,1966-02-07,M,+1-441-089-8152x7019,Nurse Administrator,DEP-015,2022-01-04
NUR-363493,Roy,Fisher,1968-10-16,NB,(086)816-8475x09117,CRNA,DEP-001,2015-08-25
NUR-364397,Sandra,Vaughn,1962-01-12,F,578-408-7756,Nurse Educator,DEP-016,2018-07-27
NUR-365142,Jessica,Jones,1982-09-19,F,7357584544,ER,DEP-001,2007-12-31
NUR-366062,Cheryl,Moore,1994-03-29,F,980.741.7329x3940,LPN,DEP-002,2005-12-05
NUR-366354,Michele,Weber,1973-05-15,F,(930)847-8519,RN,DEP-015,2014-01-26
NUR-366395,Bradley,James,1976-09-24,M,530-773-2996x003,ER,DEP-001,2023-04-15
NUR-366578,Tyler,Pacheco,1969-10-04,M,001-974-305-8665x733,ER,DEP-001,2016-09-07
NUR-369420,Tammy,Thomas,1975-01-09,F,(732)722-1355,RN,DEP-005,2016-12-06
NUR-369870,Natalie,Olsen,1975-06-04,F,511.357.9423x23972,Oncology Nurse,DEP-010,2011-06-26
NUR-369902,Rachel,Rose,1977-07-02,F,(883)713-8948,Nurse Practitioner,DEP-003,2023-02-28
NUR-370499,Lisa,Barnes,1980-03-18,F,001-734-751-9069x834,ER,DEP-001,2003-06-09
NUR-370535,Rhonda,Edwards,1970-08-04,F,(581)593-3581x9693,Nurse Educator,DEP-008,2007-08-20
NUR-370882,Taylor,Mathews,2003-12-14,F,227.039.4099,Nurse Educator,DEP-004,2005-07-26
NUR-371640,Caitlin,Kelly,1982-10-20,F,970-265-2499,CRNA,DEP-020,2020-01-27
NUR-372397,Laura,Campbell,1985-12-03,F,193.457.7028,Nurse Practitioner,DEP-003,2007-06-23
NUR-372453,Nicole,Roberts,1960-08-10,F,+1-728-282-2723x7693,Nurse Informaticist,DEP-005,2020-12-16
NUR-372564,Lisa,Sexton,1966-05-18,F,307.609.8035x302,Med-Surgical,DEP-004,2000-01-05
NUR-372646,Andrea,Estrada,1984-10-16,F,+1-623-856-2330x1859,Oncology Nurse,DEP-010,2004-09-06
NUR-373614,Maria,Wood,1962-07-31,F,+1-457-624-9795x659,Nurse Administrator,DEP-003,2014-12-20
NUR-374981,Brandy,Hawkins,1961-01-08,F,819-592-1448x42988,ER,DEP-001,2014-10-15
NUR-376412,Danielle,Grant,1964-10-28,F,+1-630-154-9381x377,Nurse Educator,DEP-014,2024-08-25
NUR-377669,Nicholas,Little,2001-10-29,M,415-815-6126x95929,Nurse Educator,DEP-006,2002-06-14
NUR-380700,Margaret,Hall,2003-03-17,F,529-176-1922x864,Nurse Practitioner,DEP-017,2019-10-02
NUR-382740,Leslie,Williams,1984-07-04,F,828.862.6529x414,RN,DEP-004,2004-01-23
NUR-383849,Tracy,Rodriguez,1987-03-11,F,+1-891-836-6231x7579,Midwife,DEP-009,2006-03-14
NUR-384799,Amber,Ruiz,1982-03-18,F,(621)530-9496x6081,LPN,DEP-018,2001-03-08
NUR-385279,Alice,Schroeder,1971-06-28,F,8461025885,Nurse Administrator,DEP-002,2025-04-21
NUR-385611,Pamela,Fleming,1972-09-29,F,336.753.9373x30568,Midwife,DEP-009,2009-10-26
NUR-386403,Cheyenne,Little,1984-12-14,F,+1-691-484-1306x9364,Nurse Educator,DEP-003,2016-11-07
NUR-386449,Janice,Lynn,1991-12-31,F,1672488263,Oncology Nurse,DEP-010,2023-01-09
NUR-386730,Jacqueline,Carr,1983-08-08,F,150.699.2456,Med-Surgical,DEP-001,2015-10-18
NUR-388500,Michelle,Martin,1991-05-01,F,(722)327-0941x502,Nurse Administrator,DEP-015,2000-08-04
NUR-392066,Holly,Duke,1994-08-29,F,(596)594-4648,Nurse Practitioner,DEP-016,2014-07-08
NUR-392201,Lisa,Frank,1978-11-08,F,001-022-783-6258x737,RN,DEP-012,2011-05-20
NUR-397457,Stephanie,Mcgee,1967-09-13,F,+1-646-155-4736,Nurse Educator,DEP-017,2008-08-16
NUR-397503,Emily,Cruz,1993-06-24,F,+1-011-990-7033x0327,Med-Surgical,DEP-002,2016-05-14
NUR-397950,Karen,Cooper,1971-04-29,F,704-396-3382x065,Oncology Nurse,DEP-010,2004-08-31
NUR-398519,Christopher,Best,1983-04-21,NB,001-403-395-2607x166,ER,DEP-001,2004-02-05
NUR-399708,Nancy,Byrd,1961-05-24,F,+1-204-353-2773x7392,ER,DEP-001,2012-03-27
NUR-400051,Stephanie,Flores,1976-04-10,F,(466)030-4635x18138,Nurse Informaticist,DEP-012,2019-01-09
NUR-400656,Megan,Farmer,1986-03-21,F,114-658-9887,CRNA,DEP-001,2005-07-04
NUR-401362,Joseph,Hamilton,2003-01-08,NB,+1-910-853-1350x2157,Midwife,DEP-009,2008-12-12
NUR-403014,Linda,Ramsey,1999-07-10,F,811.006.0459x080,Nurse Administrator,DEP-020,2019-06-21
NUR-403198,Sara,Graves,1983-03-11,F,335.601.0462,RN,DEP-005,2012-09-01
NUR-403991,Jennifer,Cunningham,1969-01-05,F,(284)099-2656x01857,Nurse Administrator,DEP-012,2021-09-15
NUR-404025,Pamela,Duarte,1984-08-24,F,251-446-2701,Oncology Nurse,DEP-010,2009-10-27
NUR-404481,Cindy,Rodriguez,1986-12-05,F,001-280-090-4619x087,Nurse Educator,DEP-001,2006-11-12
NUR-404553,Shelby,Boyd,1972-02-26,F,001-084-264-0882,ER,DEP-001,2025-02-28
NUR-405011,Lisa,Kane,1964-08-04,F,667.591.2993,LPN,DEP-009,2021-06-22
NUR-405126,Leonard,Ramsey,1996-11-01,M,230-064-4819x56842,Midwife,DEP-009,2012-06-28
NUR-405694,Miranda,Henry,1989-10-19,F,001-727-596-2998,Nurse Administrator,DEP-008,2014-06-08
NUR-406882,Madeline,Johns,1964-07-09,F,001-902-830-3040x429,LPN,DEP-017,2004-08-06
NUR-408087,Robin,Dillon,1972-05-31,F,535.304.6993x1420,CRNA,DEP-002,2017-07-11
NUR-409922,Christine,Rogers,1998-12-25,F,(085)278-6763x74315,Nurse Administrator,DEP-013,2014-04-16
NUR-410285,Maurice,Boyer,1962-01-23,M,854-038-3006x38314,Med-Surgical,DEP-004,2020-01-14
NUR-411300,Matthew,Burke,1995-02-05,M,687.174.7554x023,CRNA,DEP-020,2021-03-06
NUR-412456,Elizabeth,Collins,1962-08-11,F,069.997.4625x1683,RN,DEP-002,2017-02-27
NUR-412603,Audrey,Brown,1992-02-20,F,001-134-903-7528x813,Nurse Informaticist,DEP-007,2002-06-05
NUR-414973,Dawn,Carter,1981-03-26,F,817-978-5626,Nurse Administrator,DEP-006,2022-09-29
NUR-415925,Sandra,Hoffman,1973-05-16,F,491.566.9726,Midwife,DEP-009,2024-01-17
NUR-416112,Ariel,Jones,1971-09-22,F,(988)507-9792x80618,Nurse Administrator,DEP-013,2015-12-18
NUR-416906,Mandy,Fowler,1969-08-13,F,293-764-9808,Nurse Administrator,DEP-010,2009-04-21
NUR-420920,Luis,Watson,1976-01-05,M,285-989-4557,Nurse Practitioner,DEP-005,2013-06-30
NUR-421255,Lisa,Bautista,1962-05-29,F,(460)951-8329x2148,Oncology Nurse,DEP-010,2025-03-24
NUR-421334,Kevin,Hansen,1968-03-19,M,+1-165-290-1110x507,ER,DEP-001,2013-11-12
NUR-422564,Hannah,Hernandez,2000-11-11,F,043-875-4492x2108,ER,DEP-001,2009-09-11
NUR-423028,Kendra,Smith,1989-06-21,F,(089)118-2549,Nurse Administrator,DEP-005,2001-08-10
NUR-423975,Tammy,Gutierrez,2001-06-23,F,011-812-2259,RN,DEP-004,2019-12-08
NUR-424810,Teresa,Brennan,1996-08-01,F,786.596.5162,Nurse Administrator,DEP-009,2005-04-22
NUR-425090,Richard,Dawson,1983-09-09,NB,037.079.3781,LPN,DEP-011,2025-05-11
NUR-425625,Julia,Bradley,2000-02-29,F,482-214-2608,LPN,DEP-013,2010-05-30
NUR-426011,Jordan,Valdez,1964-01-10,M,179-538-6730x589,ER,DEP-001,2016-10-31
NUR-428116,Jennifer,Hobbs,1976-08-04,F,587-779-4087x0876,Oncology Nurse,DEP-010,2018-06-17
NUR-428550,Katie,Rowland,1994-10-04,F,(044)789-7319,Nurse Administrator,DEP-007,2015-05-23
NUR-430077,Courtney,Wagner,1979-03-25,NB,001-084-740-4933x604,RN,DEP-002,2011-03-27
NUR-432240,Jennifer,Rodriguez,1993-09-08,F,001-648-177-7101x687,Midwife,DEP-009,2026-03-11
NUR-432898,Erin,Osborne,1979-08-08,F,(635)207-3267x024,Med-Surgical,DEP-004,2023-10-18
NUR-434128,Samuel,Bond,1995-07-07,M,(798)469-5895,Oncology Nurse,DEP-010,2010-10-19
NUR-435734,Tina,Walker,1985-01-06,F,001-647-440-5605,CRNA,DEP-002,2005-01-21
NUR-435867,Mary,Livingston,2000-03-25,F,9113228888,Nurse Educator,DEP-008,2009-06-14
NUR-435965,Jennifer,Bradley,2000-01-20,F,830.898.0703,RN,DEP-002,2009-10-21
NUR-438542,Brandy,Ramsey,1993-04-13,F,(253)400-1863x99410,Nurse Informaticist,DEP-011,2018-03-04
NUR-438777,Kristy,Morgan,2000-07-06,F,+1-094-760-4585x7521,CRNA,DEP-020,2025-08-29
NUR-439181,Patricia,York,1995-07-16,F,524.063.9270,CRNA,DEP-001,2011-08-21
NUR-442391,Brian,Patterson,2001-05-15,M,001-920-498-6569x019,Nurse Practitioner,DEP-012,2024-03-29
NUR-443266,Karina,Sanchez,1960-11-07,F,+1-184-888-4920,ER,DEP-001,2001-06-14
NUR-443269,Samantha,Ortiz,1989-04-08,F,+1-073-669-9582x0561,Nurse Practitioner,DEP-014,2012-09-14
NUR-444641,Wesley,Chapman,1966-07-08,NB,519-267-0634x1573,Nurse Practitioner,DEP-014,2006-09-27
NUR-445043,Melanie,Palmer,1961-08-04,F,+1-016-796-3139x606,Midwife,DEP-009,2010-11-19
NUR-447414,Rita,Brown,1961-03-16,F,(823)569-2866x4916,Med-Surgical,DEP-002,2017-12-17
NUR-448698,Tammy,Morris,1987-06-23,F,355.584.9914x4407,RN,DEP-018,2007-08-05
NUR-449038,Donna,Cooper,1980-03-29,F,(381)529-5351,Nurse Practitioner,DEP-008,2023-08-19
NUR-450400,Cindy,Ramirez,1998-01-05,F,001-935-200-4705x483,RN,DEP-019,2020-10-07
NUR-451713,Amanda,Herring,1963-02-25,F,(150)502-7739,Nurse Practitioner,DEP-005,2014-05-14
NUR-452575,Danielle,Neal,1980-07-28,F,916-451-0200x196,Nurse Educator,DEP-020,2005-10-14
NUR-452589,Michelle,Bowen,1990-05-25,F,001-315-846-6636x414,ER,DEP-001,2026-03-25
NUR-454351,Cheryl,Jackson,1981-03-30,F,+1-110-607-6764x2411,Nurse Educator,DEP-006,2006-09-29
NUR-457574,Christina,Lucas,1970-05-08,F,865-040-7388,LPN,DEP-004,2008-01-26
NUR-458937,Angela,Clark,1993-06-14,F,(731)032-6271x985,Nurse Informaticist,DEP-013,2016-01-08
NUR-461821,Megan,Hall,1961-10-30,F,586.344.8337x14958,CRNA,DEP-002,2023-01-05
NUR-462116,Paula,Murray,1961-08-01,F,001-602-143-9160,Nurse Practitioner,DEP-013,2004-06-30
NUR-463366,Ashley,Barajas,1978-05-13,F,001-075-669-3175x241,Nurse Administrator,DEP-005,2013-03-21
NUR-463532,Annette,Perez,1968-03-23,F,(091)540-4942x738,Midwife,DEP-009,2002-01-11
NUR-463814,Karen,English,1993-12-14,F,332-708-0661,Midwife,DEP-009,2021-05-24
NUR-466263,Lisa,Coleman,1969-11-10,F,+1-455-518-4257,Oncology Nurse,DEP-010,2009-03-24
NUR-468098,Laura,Daniel,1973-05-24,F,(373)397-8700x8791,Nurse Educator,DEP-012,2000-01-11
NUR-469120,Tara,Taylor,2000-11-22,F,+1-478-183-5674,Midwife,DEP-009,2007-12-08
NUR-469670,Jill,Brown,1969-09-10,F,(116)378-5690x3557,Midwife,DEP-009,2021-03-27
NUR-469893,Emily,Reed,1975-03-21,F,(081)647-0080,RN,DEP-005,2009-10-24
NUR-470605,Jennifer,Malone,1973-12-20,F,354-295-8841x47644,LPN,DEP-010,2001-05-27
NUR-470815,Brooke,Cabrera,1996-02-19,F,632.663.9246x6791,Oncology Nurse,DEP-010,2014-01-29
NUR-471825,Sarah,Mayo,1965-04-16,F,238.779.8948,Midwife,DEP-009,2023-06-24
NUR-472868,Adam,Jackson,1982-06-03,M,+1-713-481-6576x0141,ER,DEP-001,2014-02-18
NUR-473090,Tracy,Collins,1974-09-28,F,182-392-0130x2750,RN,DEP-019,2021-02-15
NUR-474356,Paul,Ortiz,1996-09-23,M,856-268-7195,Nurse Educator,DEP-006,2012-03-11
NUR-475315,Jessica,Hess,1987-06-18,F,+1-079-408-8366x9818,Nurse Administrator,DEP-004,2003-06-23
NUR-475841,Melissa,Williams,1969-04-11,F,+1-305-627-5961,Nurse Practitioner,DEP-010,2012-12-01
NUR-477085,Kayla,Jones,1966-05-05,F,041-186-3324,Midwife,DEP-009,2005-09-14
NUR-477100,Kiara,Leonard,1988-03-30,F,+1-982-490-4480,Nurse Administrator,DEP-002,2013-11-02
NUR-477197,Whitney,Strickland,1979-06-15,F,(714)858-1679,RN,DEP-005,2023-08-15
NUR-477935,Jennifer,Monroe,1972-02-09,F,001-421-712-6209x923,LPN,DEP-012,2019-04-17
NUR-478214,Stephanie,Garza,1988-07-07,F,(060)487-2540,Oncology Nurse,DEP-010,2011-11-12
NUR-478225,Robin,Jones,1967-04-03,F,992.278.8621x70818,Midwife,DEP-009,2007-12-28
NUR-479353,Kathleen,Thompson,2002-11-08,F,+1-337-679-9845x926,RN,DEP-019,2018-12-03
NUR-479434,Jennifer,Black,1966-07-01,F,+1-654-725-0230,Midwife,DEP-009,2013-01-05
NUR-479775,Sarah,Frey,1985-05-26,F,001-408-552-6301,Oncology Nurse,DEP-010,2007-11-25
NUR-480074,Ashley,Griffith,1979-07-17,F,(119)447-2361x5219,CRNA,DEP-018,2002-05-10
NUR-480347,Karen,Burke,2004-07-11,F,+1-334-320-9901x6156,Midwife,DEP-009,2001-03-24
NUR-481757,Jillian,Glenn,1974-03-10,F,189.734.9145x4677,Midwife,DEP-009,2023-02-28
NUR-482824,Penny,Phillips,1976-06-18,F,769.495.4959,Midwife,DEP-009,2014-07-09
NUR-484834,Kelsey,Wilson,1987-01-12,F,220-714-2506x970,Nurse Educator,DEP-017,2006-08-28
NUR-485141,Cynthia,Snyder,1961-03-29,F,+1-614-671-5891x1190,Med-Surgical,DEP-001,2014-08-25
NUR-485487,Rachel,Mcconnell,1996-09-13,F,017-797-2174,CRNA,DEP-002,2012-11-22
NUR-487624,Lee,Parker,1997-07-22,M,366.995.3620x942,Med-Surgical,DEP-001,2014-06-28
NUR-492950,Amber,Smith,1968-06-14,F,001-917-827-2483x735,Med-Surgical,DEP-004,2013-03-25
NUR-493788,Nancy,Mckay,1994-11-17,F,+1-896-660-2734x804,Oncology Nurse,DEP-010,2005-09-15
NUR-497975,Michaela,Case,1986-05-20,F,001-525-717-6623x134,Nurse Informaticist,DEP-015,2024-01-02
NUR-499546,Jacqueline,Martin,1984-10-15,F,440.632.6610x538,Nurse Administrator,DEP-019,2026-01-18
NUR-500598,Chelsea,Sanchez,1968-09-24,F,(540)070-8073,Nurse Practitioner,DEP-017,2020-03-03
NUR-501115,Rebecca,Torres,1964-10-06,F,001-222-352-5766x145,ER,DEP-001,2017-04-15
NUR-501591,Brandy,Pierce,1985-03-14,F,476-548-5740x5222,CRNA,DEP-001,2001-03-24
NUR-502491,Brittany,Lucero,1975-08-02,F,2671253799,ER,DEP-001,2016-12-16
NUR-502572,Christopher,Cox,2001-03-16,M,+1-401-976-9289,ER,DEP-001,2024-06-30
NUR-503505,Sierra,Horton,1971-05-26,F,230-717-2576x008,Midwife,DEP-009,2020-01-16
NUR-504331,Ellen,Smith,1994-02-02,F,3559999604,Nurse Administrator,DEP-018,2004-11-09
NUR-505485,Maria,Brooks,1961-09-10,F,035.559.6020,Nurse Practitioner,DEP-019,2000-08-23
NUR-506582,Angela,Anderson,1981-07-24,F,(506)121-3057,Midwife,DEP-009,2007-01-07
NUR-507314,Patricia,Wilson,1974-07-26,NB,+1-525-620-4729x2482,Nurse Educator,DEP-007,2017-08-23
NUR-509550,Brittney,Foster,1994-08-17,F,538-650-6744x26842,Midwife,DEP-009,2006-05-07
NUR-509556,Jaclyn,Stevens,1966-07-07,F,(135)385-3116,Nurse Informaticist,DEP-014,2012-03-09
NUR-510483,Victoria,Lopez,1966-02-15,F,001-139-839-9290,ER,DEP-001,2020-05-09
NUR-511061,Deborah,Roy,1989-11-29,F,(800)687-7156x25304,Midwife,DEP-009,2017-01-21
NUR-511401,Elizabeth,Henry,2002-05-13,F,(738)434-8461,Midwife,DEP-009,2012-10-14
NUR-513107,Angela,Hayes,1962-11-02,F,(248)769-3034x5946,ER,DEP-001,2023-11-14
NUR-513697,Barbara,Warren,1964-01-30,F,(362)951-1526x5620,Oncology Nurse,DEP-010,2003-08-31
NUR-514615,Victoria,Gonzales,1990-03-17,F,(081)010-9453x14325,Nurse Administrator,DEP-010,2017-12-25
NUR-514868,Jacqueline,Santos,1991-08-21,F,814.612.6927x299,ER,DEP-001,2024-01-16
NUR-517701,Nancy,Jones,1972-10-21,F,639.555.3313,Nurse Informaticist,DEP-004,2015-04-09
NUR-520463,Stacey,Vasquez,1960-12-16,F,001-465-963-2683,Med-Surgical,DEP-020,2009-02-20
NUR-521012,Audrey,Davis,1984-08-28,F,840.728.9542,RN,DEP-006,2006-10-16
NUR-521206,Sharon,Johnson,1982-04-05,F,(447)286-4779,ER,DEP-001,2013-12-26
NUR-521651,Alison,Pollard,1985-10-02,F,+1-865-160-1131x138,Nurse Administrator,DEP-008,2012-07-18
NUR-523225,Tara,Davis,1960-10-19,F,(923)627-1507,Nurse Informaticist,DEP-016,2023-01-28
NUR-523745,Damon,Rogers,1997-02-27,M,001-405-128-5110,LPN,DEP-009,2012-06-20
NUR-524366,Joan,Melton,1991-01-28,F,(018)395-8877x8467,ER,DEP-001,2012-09-30
NUR-528557,Rebecca,Burns,1993-11-29,F,842-374-1388,Nurse Administrator,DEP-013,2020-04-17
NUR-532022,Paul,Watson,1985-05-25,M,740.891.6918x569,Midwife,DEP-009,2010-03-29
NUR-532412,Veronica,Moore,1999-06-19,F,+1-007-348-3950x9400,ER,DEP-001,2001-08-14
NUR-534922,Sean,Johnson,1979-06-17,M,(656)174-5373,Nurse Educator,DEP-008,2020-05-30
NUR-535553,Teresa,Gonzalez,1980-06-23,F,945-017-4912x366,Oncology Nurse,DEP-010,2012-05-02
NUR-538782,Autumn,Rivas,1981-03-04,F,(475)981-9387x96820,Oncology Nurse,DEP-010,2008-11-27
NUR-538830,Michele,Watts,2002-05-11,F,994.652.3203,Nurse Informaticist,DEP-002,2010-01-25
NUR-539494,Casey,Morales,1975-04-18,F,015.348.4742x2902,Nurse Administrator,DEP-004,2002-09-28
NUR-539595,Heather,Nichols,1992-10-12,F,+1-837-128-9919x881,Nurse Educator,DEP-020,2008-06-04
NUR-540237,Laura,Booker,1993-06-17,F,820-328-8799x7538,Nurse Informaticist,DEP-008,2025-12-02
NUR-540262,Nicole,Taylor,1987-03-08,F,(719)548-1504,Oncology Nurse,DEP-010,2025-10-20
NUR-542193,Christine,Cantu,1988-08-09,F,795.121.0123,Nurse Administrator,DEP-009,2009-02-23
NUR-542447,Tyler,Gibson,1976-04-09,M,(943)031-9456x035,RN,DEP-008,2009-03-01
NUR-542975,Rhonda,Brock,1969-07-09,F,(608)739-0763,RN,DEP-016,2003-06-04
NUR-545168,Laura,Thompson,1989-01-11,F,+1-549-489-7178x9888,Midwife,DEP-009,2022-03-21
NUR-548445,Lori,Dickson,1979-07-28,F,3702558309,Nurse Practitioner,DEP-019,2024-12-17
NUR-548833,Elizabeth,Williamson,1990-02-22,F,001-373-215-6427x086,RN,DEP-016,2008-02-21
NUR-549485,Lauren,Williams,1965-03-25,F,+1-820-519-2294x3028,ER,DEP-001,2000-02-16
NUR-549510,Alyssa,Jackson,1969-08-02,F,015.631.5308x406,Midwife,DEP-009,2010-12-25
NUR-554991,Jason,Phillips,1986-03-15,M,001-340-010-7804,Nurse Informaticist,DEP-005,2010-12-08
NUR-556325,Mary,Davidson,1972-10-25,F,661.831.6011,LPN,DEP-020,2010-07-12
NUR-557092,Amy,Herrera,1971-01-10,F,510.687.5597x42989,Nurse Administrator,DEP-014,2021-10-23
NUR-558296,Sara,Barajas,1994-02-01,F,001-180-956-6450x861,LPN,DEP-006,2003-04-11
NUR-558914,Allison,Rodriguez,2002-03-22,F,001-832-313-3948x628,CRNA,DEP-020,2021-09-06
NUR-560615,Karla,Montoya,1972-06-28,F,001-126-049-4945x903,Med-Surgical,DEP-001,2014-11-11
NUR-561064,Patricia,Davenport,1984-05-16,F,+1-454-311-6056x813,RN,DEP-018,2020-07-27
NUR-561315,Ashley,Graham,1991-06-21,F,(393)874-9139,ER,DEP-001,2002-05-20
NUR-562685,Morgan,Rogers,1971-11-26,F,001-367-862-5865x707,Med-Surgical,DEP-002,2023-07-10
NUR-564040,Linda,Walsh,1969-09-23,F,(627)181-1863x218,LPN,DEP-018,2008-11-27
NUR-567250,Tammy,Hill,1994-07-28,F,742.658.7438x780,LPN,DEP-005,2016-05-20
NUR-568489,Barbara,Campbell,1986-12-08,F,2964902351,CRNA,DEP-018,2004-09-17
NUR-570481,Ashley,Harrell,1966-08-19,F,(439)181-6302x015,CRNA,DEP-020,2005-01-31
NUR-571961,Sherri,Boone,1976-01-01,F,(123)715-0964x50077,RN,DEP-001,2025-07-13
NUR-572020,Erin,Pearson,1986-07-03,F,459-027-1412x4490,Nurse Administrator,DEP-006,2000-06-23
NUR-572092,Jessica,Torres,1991-10-28,F,+1-286-773-3417x4178,Nurse Informaticist,DEP-009,2018-06-22
NUR-572836,Brittany,Wagner,2004-05-03,NB,(941)589-1260,CRNA,DEP-001,2025-12-03
NUR-573357,Kenneth,Clarke,1992-03-18,M,001-545-806-5255x028,Midwife,DEP-009,2014-06-19
NUR-573563,Nicole,Cruz,1969-12-15,F,001-985-216-8647,Nurse Educator,DEP-016,2011-10-19
NUR-574003,Tammy,Mitchell,1978-11-24,F,664-996-4668x74925,Midwife,DEP-009,2008-09-18
NUR-574121,Timothy,Gonzalez,1999-01-03,M,001-600-329-9240x341,Nurse Practitioner,DEP-005,2011-09-04
NUR-576156,Jasmine,Ross,1999-06-18,F,(892)298-0176,Med-Surgical,DEP-004,2003-04-10
NUR-577565,Isabel,Martinez,1977-08-30,F,001-008-326-8045x340,CRNA,DEP-018,2002-06-03
NUR-580611,Kelsey,Barnes,1970-04-02,F,(705)296-4732x6544,Midwife,DEP-009,2023-07-11
NUR-580859,Vickie,Rice,1967-12-16,F,(150)947-5485x34577,Oncology Nurse,DEP-010,2007-12-21
NUR-581002,Samantha,Carson,1961-05-01,F,+1-413-091-1752x0925,Nurse Informaticist,DEP-014,2010-04-22
NUR-582427,Maurice,Sherman,1974-06-25,NB,991-754-2350x65751,Nurse Educator,DEP-002,2023-12-06
NUR-582812,Karen,Mullins,1966-06-11,F,408-475-5611,Midwife,DEP-009,2010-06-08
NUR-586129,Amber,Williams,1981-01-05,F,(056)320-8140x384,Oncology Nurse,DEP-010,2018-09-03
NUR-586508,Lauren,Carroll,1997-11-24,F,(159)878-8638,Oncology Nurse,DEP-010,2008-12-08
NUR-586612,Melanie,Goodwin,1995-04-07,F,945.677.6547x2105,Nurse Administrator,DEP-012,2000-09-22
NUR-587374,Ashley,Stewart,1978-10-10,F,(492)986-5168,Oncology Nurse,DEP-010,2024-04-14
NUR-587684,Natalie,Perez,1978-02-28,F,8388873243,Nurse Practitioner,DEP-016,2011-05-16
NUR-588050,Katrina,Sanchez,1982-03-08,F,698.414.8390x95341,Nurse Practitioner,DEP-018,2006-12-15
NUR-590279,Amber,Roberson,1970-03-15,F,+1-336-483-7578x924,Nurse Educator,DEP-007,2011-03-21
NUR-590698,Kristen,Gray,1967-05-03,F,001-954-258-8706,Midwife,DEP-009,2013-12-07
NUR-591469,Alyssa,Alvarado,1998-03-15,F,+1-022-828-3230,LPN,DEP-011,2004-09-09
NUR-591991,Jenna,Bailey,1987-01-05,F,+1-218-240-8091,Nurse Administrator,DEP-012,2010-12-15
NUR-593378,Robert,Sanchez,1962-05-18,M,+1-087-675-1118x395,LPN,DEP-020,2024-05-21
NUR-596078,Vanessa,Soto,1986-11-26,F,576.398.1608,Nurse Practitioner,DEP-018,2020-02-25
NUR-596144,Crystal,Williams,2002-05-12,NB,001-561-4652x206,RN,DEP-016,2020-06-15
NUR-597244,Chelsea,Chapman,1978-03-10,F,001-376-026-5676x875,ER,DEP-001,2013-03-25
NUR-598223,Juan,Nicholson,1970-07-25,M,+1-967-874-8916x8799,Nurse Educator,DEP-013,2012-10-13
NUR-598524,Ann,Fischer,1991-02-28,F,9507493690,Oncology Nurse,DEP-010,2009-02-17
NUR-602076,Emily,Graves,1980-12-12,F,(894)747-5393x017,Nurse Informaticist,DEP-005,2005-07-24
NUR-602795,Robin,Johnson,1961-11-07,F,(002)101-2751,Med-Surgical,DEP-004,2009-09-11
NUR-602916,Brianna,Norman,1968-10-21,F,(967)931-3109x20964,ER,DEP-001,2021-09-20
NUR-603037,Carol,Fuller,1969-08-28,F,+1-623-641-7077x396,Nurse Practitioner,DEP-012,2008-05-14
NUR-604644,Melissa,Perez,1978-09-16,F,525-662-0526,RN,DEP-008,2018-03-24
NUR-606100,Colleen,Gomez,1975-02-09,F,823.348.9709x186,Med-Surgical,DEP-002,2012-08-10
NUR-606676,Jordan,Edwards,1995-02-02,F,761-007-5486x840,RN,DEP-004,2013-08-30
NUR-612102,Shannon,Washington,1964-04-13,F,1580612970,Med-Surgical,DEP-020,2018-07-27
NUR-612934,Kyle,Porter,1986-07-25,M,(084)202-5517x05703,ER,DEP-001,2008-02-03
NUR-613728,Valerie,Munoz,1992-07-07,F,229-684-8353x96272,Nurse Informaticist,DEP-010,2002-11-24
NUR-614386,Caitlin,Franklin,1990-02-14,F,667-942-5798x36889,CRNA,DEP-002,2023-11-20
NUR-614514,Heather,Perry,1991-12-08,F,239.619.5516x095,CRNA,DEP-001,2003-11-30
NUR-617682,Stephanie,Herring,1990-05-26,F,599.785.4690x39815,RN,DEP-001,2022-05-19
NUR-619628,Alison,Esparza,1976-11-21,F,(960)355-1249x54778,Nurse Practitioner,DEP-010,2017-09-02
NUR-619997,Savannah,Walker,1987-07-16,F,001-451-369-8552,Nurse Practitioner,DEP-012,2020-08-25
NUR-621569,Audrey,Walker,1994-12-02,F,4727243651,ER,DEP-001,2026-05-27
NUR-621583,Amanda,Hall,2003-07-25,F,001-530-160-3145,Nurse Educator,DEP-010,2012-02-28
NUR-621680,Misty,George,1985-11-24,F,914.831.5666x76434,Nurse Administrator,DEP-014,2011-09-14
NUR-622710,Sheila,Morris,2003-03-12,F,(108)398-3716,RN,DEP-018,2012-06-12
NUR-623180,Denise,Murphy,1966-12-14,F,505.015.7192x3604,Nurse Educator,DEP-005,2008-03-07
NUR-624342,Christina,Wagner,1974-07-07,F,749.878.1265x801,Med-Surgical,DEP-001,2004-10-06
NUR-624647,Lisa,Richard,1968-05-11,F,2086046259,Midwife,DEP-009,2017-07-31
NUR-624961,Jill,Allen,1974-03-22,F,+1-926-056-4056,Nurse Informaticist,DEP-011,2005-03-05
NUR-625639,Autumn,Williamson,1982-12-21,F,425-380-6631x85838,RN,DEP-003,2018-04-28
NUR-628504,Cynthia,Bond,1965-11-26,F,250-286-5874,CRNA,DEP-020,2004-07-11
NUR-629641,Stephanie,Meza,1968-12-30,F,458.309.2696x073,Nurse Educator,DEP-004,2002-03-28
NUR-630265,Angelica,Mendoza,2003-09-22,NB,+1-353-012-7558x1625,LPN,DEP-016,2015-11-28
NUR-632041,Bethany,Murillo,1977-04-10,F,(172)929-5361x38079,Med-Surgical,DEP-001,2019-05-09
NUR-632271,Tammy,Martinez,1963-01-23,F,(474)917-3991,Midwife,DEP-009,2007-06-07
NUR-632490,Paige,Hernandez,2002-11-08,F,+1-943-049-0315,CRNA,DEP-001,2011-11-25
NUR-633532,Tammy,Johnson,1988-08-27,F,001-394-674-4239x543,Med-Surgical,DEP-004,2008-07-12
NUR-634330,Anna,Wood,1985-01-10,F,747.245.9413,Med-Surgical,DEP-001,2019-09-08
NUR-634732,Alyssa,Lawson,1983-09-19,F,(560)276-6575x7435,Med-Surgical,DEP-001,2002-12-06
NUR-636090,Ashley,Burgess,1966-12-13,F,(715)698-4312x534,Nurse Practitioner,DEP-008,2001-07-07
NUR-638115,Sabrina,Wallace,2001-06-19,F,222-756-0301,Nurse Practitioner,DEP-004,2009-02-16
NUR-638435,Rachel,Williams,1962-08-09,F,713.957.7871x9632,LPN,DEP-019,2023-04-30
NUR-639260,Sandra,Cross,1995-04-30,F,0901984550,RN,DEP-008,2005-01-15
NUR-639661,Christine,Martinez,1961-04-11,F,3782443266,Med-Surgical,DEP-020,2014-11-14
NUR-639783,Olivia,Chambers,1962-02-15,F,992-215-6798x61612,CRNA,DEP-001,2006-07-29
NUR-639815,Jacqueline,Harvey,1985-01-22,F,147-644-4368x4808,Nurse Informaticist,DEP-015,2010-01-12
NUR-641229,Jacqueline,Torres,1989-01-11,F,+1-486-438-1976,Midwife,DEP-009,2017-08-23
NUR-642499,Walter,Chung,2000-04-18,NB,001-252-921-1917x923,LPN,DEP-001,2024-04-19
NUR-643505,Dawn,Young,1990-04-29,F,002.629.1256x56376,ER,DEP-001,2000-08-19
NUR-651125,Sheila,Key,1974-06-28,F,001-639-651-9814x983,Nurse Educator,DEP-013,2003-03-07
NUR-651489,Heather,Strong,1968-12-19,F,001-441-115-4377x125,Nurse Practitioner,DEP-016,2010-05-02
NUR-652764,Nicole,Serrano,1972-07-27,F,990.667.3992,Nurse Practitioner,DEP-007,2005-12-14
NUR-653503,Kimberly,Holt,1991-08-26,F,383-004-3209x1620,Oncology Nurse,DEP-010,2005-09-06
NUR-653537,Jacqueline,Young,1991-01-15,F,(591)224-2889,Med-Surgical,DEP-004,2006-04-10
NUR-654292,Sharon,Pineda,1980-01-03,F,(555)596-5916,ER,DEP-001,2007-04-09
NUR-656421,Zachary,Weiss,1985-02-17,M,+1-280-892-9963x200,Nurse Practitioner,DEP-012,2014-11-09
NUR-657050,Maureen,Pearson,1977-05-20,F,(798)303-8653x931,RN,DEP-017,2014-03-30
NUR-657755,Alyssa,Davis,1964-12-06,F,001-644-015-9999,ER,DEP-001,2003-10-25
NUR-661818,Stephen,Jones,1980-12-05,M,893-875-2933x9268,Oncology Nurse,DEP-010,2017-01-05
NUR-662297,Lisa,Vargas,2004-03-31,F,556.327.6055,Nurse Administrator,DEP-012,2025-01-22
NUR-663509,Tyler,Hoffman,1987-07-15,M,+1-280-596-0091,CRNA,DEP-018,2015-11-24
NUR-663994,Kim,Walters,1999-11-09,F,(060)384-9925,Oncology Nurse,DEP-010,2012-07-06
NUR-665167,Amy,Cooper,1965-11-24,F,623-911-6093x736,Nurse Administrator,DEP-019,2000-11-25
NUR-665421,Vanessa,Lee,1990-01-12,F,611-180-2895x77877,CRNA,DEP-020,2004-08-07
NUR-665443,Melanie,Fisher,1986-10-02,F,(160)237-9103x23121,RN,DEP-006,2020-08-31
NUR-665659,Tanya,Velez,1993-11-19,F,001-731-773-4052x443,LPN,DEP-007,2012-09-10
NUR-666073,Melissa,Gutierrez,1993-10-19,F,924-347-7783x3986,Med-Surgical,DEP-004,2010-05-12
NUR-666348,Alexa,Ramirez,1966-05-17,F,0262101972,Nurse Practitioner,DEP-009,2024-09-16
NUR-667769,Danielle,Perez,1981-11-11,F,(507)422-3588x63883,RN,DEP-005,2003-03-26
NUR-668055,Crystal,Ellis,1967-01-10,F,4124617212,Oncology Nurse,DEP-010,2001-09-19
NUR-669222,Kristie,Green,2000-12-21,F,455.464.9994,ER,DEP-001,2019-06-11
NUR-669383,Jennifer,Wright,1984-08-31,F,+1-690-542-9094,Nurse Educator,DEP-006,2025-02-01
NUR-671712,Meghan,Baker,1975-08-22,F,636-624-7004x48640,Nurse Administrator,DEP-003,2002-05-05
NUR-673308,Maureen,Cole,1990-03-30,F,4827595056,Nurse Practitioner,DEP-004,2022-05-27
NUR-674009,Laura,Fletcher,1990-10-20,F,(670)999-0818x4317,Nurse Educator,DEP-006,2013-10-11
NUR-675679,Hannah,Smith,1986-12-11,F,001-602-907-9712x066,Nurse Practitioner,DEP-008,2017-03-10
NUR-677231,Emily,West,1998-03-13,F,+1-413-857-8400x4527,LPN,DEP-019,2026-08-08
NUR-678069,Kristy,Brown,2003-05-21,F,001-328-263-4969,Midwife,DEP-009,2003-12-06
NUR-678915,Mary,Brown,2001-07-05,F,6599749461,Med-Surgical,DEP-001,2005-04-04
NUR-680251,Cindy,Lee,2004-05-26,F,046.561.1792,Nurse Informaticist,DEP-013,2008-06-05
NUR-683781,Donna,Erickson,1967-06-12,F,813.023.9054,CRNA,DEP-020,2022-02-24
NUR-685708,Jaclyn,Soto,2001-11-30,F,078.983.6346x081,ER,DEP-001,2019-06-25
NUR-686129,Jessica,Farley,1964-03-28,F,(543)190-6879x6703,ER,DEP-001,2012-01-03
NUR-686307,Susan,Henderson,1994-03-21,F,(612)758-4497,Nurse Administrator,DEP-004,2012-02-28
NUR-688089,Cassandra,Williams,1980-10-17,F,243-357-6670x349,Oncology Nurse,DEP-010,2020-08-01
NUR-689532,Tonya,King,1968-03-28,F,528-657-0311x67436,Midwife,DEP-009,2002-05-27
NUR-691835,Monica,Beltran,1979-05-01,F,001-700-256-8108x780,Nurse Informaticist,DEP-011,2005-02-04
NUR-692033,Emily,Cooke,1975-02-08,F,(329)602-8251x7901,RN,DEP-019,2001-02-01
NUR-692472,Tara,Gonzalez,1994-11-09,F,263.196.5987x117,CRNA,DEP-001,2013-02-27
NUR-692832,Sara,Fox,1973-06-18,F,001-915-329-4171,CRNA,DEP-002,2006-05-12
NUR-693369,Beth,Hicks,1994-10-15,NB,(675)046-6723x664,Med-Surgical,DEP-020,2012-11-12
NUR-695868,Daniel,Bush,1994-12-21,M,422-274-5738x8952,ER,DEP-001,2016-02-14
NUR-696646,Linda,Smith,1967-08-25,F,591-139-3132x252,Med-Surgical,DEP-020,2007-03-30
NUR-696830,Michele,Caldwell,1984-08-19,F,(360)021-9272x729,RN,DEP-019,2017-08-01
NUR-697418,Renee,Fields,1974-06-14,F,3885919520,RN,DEP-010,2009-10-25
NUR-697517,Lauren,Carpenter,1981-04-14,F,+1-250-792-6462x348,RN,DEP-012,2025-01-30
NUR-697696,Amy,Robinson,1976-08-31,F,(650)484-8736,Oncology Nurse,DEP-010,2025-09-29
NUR-697973,Rachel,Williams,1982-02-01,F,5346847094,Oncology Nurse,DEP-010,2022-02-16
NUR-698302,Casey,Myers,1999-11-08,F,901.800.8805x8802,Nurse Educator,DEP-018,2022-04-19
NUR-698314,Taylor,Allen,1998-08-25,F,799-269-2149x0618,RN,DEP-014,2022-09-11
NUR-701890,Holly,Hernandez,1985-09-19,F,+1-417-308-9218x8827,LPN,DEP-008,2012-08-28
NUR-702044,Carmen,Kirby,1961-03-28,F,251-096-5348,ER,DEP-001,2020-09-25
NUR-703479,Shelia,Holland,1985-07-08,F,682.445.5976x1969,Nurse Practitioner,DEP-009,2006-04-29
NUR-703547,Jessica,Phillips,1970-12-24,F,4701663677,Oncology Nurse,DEP-010,2020-01-22
NUR-703898,Patricia,Smith,1967-12-31,F,583-015-5930,LPN,DEP-010,2005-04-10
NUR-704519,Courtney,Esparza,1969-10-07,F,001-596-500-3975,Nurse Informaticist,DEP-002,2002-02-26
NUR-704631,Sarah,Clark,1989-12-22,F,+1-545-960-1287,Nurse Educator,DEP-015,2019-01-27
NUR-704964,Joseph,Howell,1985-09-07,NB,001-505-631-6175x708,Nurse Educator,DEP-008,2008-10-10
NUR-705547,Michelle,Nunez,1978-06-24,F,(494)572-7760x3979,ER,DEP-001,2002-09-23
NUR-705901,Pamela,Massey,1964-09-15,F,659.916.9497,CRNA,DEP-002,2005-12-28
NUR-707497,Kelly,Townsend,1987-06-16,F,(007)660-2321x6530,Midwife,DEP-009,2015-07-07
NUR-707740,Sierra,Hartman,1986-06-12,F,(028)339-9223x38974,Med-Surgical,DEP-002,2015-09-01
NUR-708690,Erica,Arnold,1978-02-06,F,(453)616-4471x6378,Nurse Practitioner,DEP-010,2000-12-10
NUR-709034,Rachel,Miller,1999-12-11,F,5235808158,Nurse Educator,DEP-007,2009-12-30
NUR-709452,Laura,Wilson,1983-03-20,F,(072)860-6500,CRNA,DEP-018,2007-06-15
NUR-709963,Janet,Guzman,1963-08-22,F,569-369-4021x0760,CRNA,DEP-001,2013-06-17
NUR-710703,Jennifer,Williams,1991-07-02,F,+1-869-609-1232x1001,Oncology Nurse,DEP-010,2005-04-12
NUR-713121,Amanda,Black,1993-08-18,F,7673073947,Oncology Nurse,DEP-010,2007-03-11
NUR-713411,Mercedes,Pitts,1967-02-05,F,001-035-478-9838x577,ER,DEP-001,2007-12-04
NUR-714421,Morgan,Douglas,1992-02-21,F,564.403.6129x156,Midwife,DEP-009,2014-09-25
NUR-716060,Tamara,Young,1987-08-05,F,001-248-642-2301,Oncology Nurse,DEP-010,2006-10-17
NUR-716987,Elizabeth,Dixon,1997-02-12,F,001-217-212-4572x748,Nurse Informaticist,DEP-018,2017-02-03
NUR-717359,Jenna,Gomez,1982-10-05,F,381.313.1864x272,Med-Surgical,DEP-020,2020-06-02
NUR-717728,Sheila,Robinson,1973-04-03,NB,001-482-150-2440x774,Nurse Educator,DEP-003,2014-12-13
NUR-718466,Steven,Murphy,2002-08-26,NB,139-885-0818x8659,Nurse Practitioner,DEP-004,2016-10-09
NUR-718675,Nicole,Baker,1973-07-04,F,239-457-3186,Nurse Practitioner,DEP-010,2012-11-15
NUR-719152,Alexis,Lutz,1963-03-27,F,937-863-7533,Midwife,DEP-009,2016-03-23
NUR-719363,Rose,Meyer,1989-10-27,F,1019496820,LPN,DEP-002,2004-08-11
NUR-721804,Kenneth,Morgan,1996-09-15,M,203-408-9597x2374,Nurse Practitioner,DEP-019,2004-08-21
NUR-725061,Barbara,Castillo,1982-01-28,F,328-899-7659x422,Nurse Administrator,DEP-005,2003-10-02
NUR-726782,Angela,Pacheco,1985-07-14,F,9072755215,Nurse Educator,DEP-011,2023-03-16
NUR-727957,Lori,Taylor,1969-05-21,F,597-793-9228,Oncology Nurse,DEP-010,2006-03-07
NUR-728866,Melissa,Morgan,1990-12-16,F,159-488-5965x758,Nurse Informaticist,DEP-010,2012-12-25
NUR-729356,Barbara,Jackson,1972-02-05,F,4155153610,ER,DEP-001,2002-08-31
NUR-731222,Denise,Roberts,1960-09-25,F,4479539921,Midwife,DEP-009,2001-04-24
NUR-732549,Margaret,Smith,1989-10-28,F,001-587-311-0655x751,Nurse Practitioner,DEP-001,2013-12-16
NUR-732631,Brooke,Rodriguez,2002-05-29,F,758-560-0107,Nurse Educator,DEP-014,2015-10-11
NUR-733677,Seth,Holland,1961-12-28,M,001-356-413-9620x859,Nurse Informaticist,DEP-014,2009-12-04
NUR-735723,Alicia,Johnson,1988-08-15,F,001-800-622-5173x536,CRNA,DEP-001,2000-04-19
NUR-735733,David,Sampson,1981-12-20,NB,001-199-061-0801x859,Midwife,DEP-009,2019-04-04
NUR-736085,Jessica,Hartman,1977-04-14,F,001-935-088-9652,RN,DEP-002,2012-02-13
NUR-738439,Cynthia,Juarez,1980-04-05,F,736.702.3601x3609,ER,DEP-001,2018-12-21
NUR-738622,Amanda,Baker,1962-03-10,F,422-913-8238x50060,LPN,DEP-014,2016-09-02
NUR-742321,Jerome,Gates,1976-08-31,M,377.659.1402x02896,RN,DEP-008,2003-05-03
NUR-743540,Lynn,Weaver,1975-03-22,F,001-218-047-8269x935,Med-Surgical,DEP-004,2025-12-11
NUR-744187,Logan,Krueger,1965-04-06,M,369-321-4362,Med-Surgical,DEP-020,2006-05-30
NUR-744750,Mandy,Sanchez,1976-05-03,F,965-595-0112x956,LPN,DEP-005,2013-11-19
NUR-746213,Michelle,Pruitt,1961-07-09,F,+1-015-455-6859,LPN,DEP-012,2012-08-31
NUR-747185,Grace,Mathews,2000-02-17,F,459.275.9408x7203,CRNA,DEP-002,2015-08-14
NUR-747221,Lisa,Newton,1990-08-29,F,+1-028-909-2230x5989,RN,DEP-019,2006-06-27
NUR-747660,Kelsey,Gardner,1976-12-23,F,8519047405,Med-Surgical,DEP-001,2012-09-17
NUR-747813,Jasmine,Williams,1981-05-26,NB,894.231.6032x78812,Nurse Practitioner,DEP-001,2020-10-04
NUR-748052,Brenda,Tyler,1992-02-03,F,460-001-3791,RN,DEP-006,2020-11-05
NUR-750503,Lauren,Frazier,1971-05-06,F,+1-899-984-4849x7095,Med-Surgical,DEP-001,2014-06-25
NUR-751051,Susan,Li,1978-12-14,F,657.183.4928x247,Nurse Educator,DEP-002,2004-11-24
NUR-751354,Maria,Ryan,1978-01-21,F,2687099007,Oncology Nurse,DEP-010,2023-10-21
NUR-754145,Anthony,Gonzalez,1981-05-15,NB,+1-446-271-4871x4810,Nurse Educator,DEP-019,2013-09-18
NUR-755013,Andrea,Butler,1995-12-13,F,179-979-3071x7289,Midwife,DEP-009,2017-12-13
NUR-756032,April,Randall,1995-09-17,F,(708)113-4766x05179,Nurse Practitioner,DEP-002,2014-02-04
NUR-756244,Patricia,Mitchell,1983-03-19,F,+1-165-431-6520,LPN,DEP-017,2022-12-15
NUR-756279,Nicole,Potter,1974-12-13,F,(306)888-5033x87901,Med-Surgical,DEP-001,2000-12-11
NUR-756838,James,Johnson,1969-10-06,NB,(509)872-4352,RN,DEP-007,2001-04-28
NUR-756841,Paul,Carter,1994-12-21,M,082-899-8264,CRNA,DEP-001,2021-01-29
NUR-757676,Erika,Gomez,1975-05-05,F,125.771.2141x781,Nurse Informaticist,DEP-018,2009-10-09
NUR-758035,Victoria,Mccoy,1960-12-17,F,6444238887,ER,DEP-001,2006-08-03
NUR-758640,Jodi,Wood,1999-05-22,F,(804)708-0222,Oncology Nurse,DEP-010,2011-11-13
NUR-759538,Susan,Shelton,1966-09-23,F,909-995-9738,Nurse Educator,DEP-004,2012-04-14
NUR-761732,Sarah,Davis,1965-07-15,F,074.880.3541x907,RN,DEP-002,2001-04-28
NUR-762126,Renee,Schmidt,1995-12-08,F,764-873-7696x88363,ER,DEP-001,2018-12-15
NUR-762529,Amy,Cox,1995-05-11,F,+1-607-416-4182x648,ER,DEP-001,2007-03-23
NUR-764205,Claudia,Austin,1968-03-22,F,849.240.3264,Med-Surgical,DEP-002,2013-09-05
NUR-765623,Kara,Garcia,1993-05-22,F,387.599.9118x246,Nurse Educator,DEP-019,2001-06-18
NUR-766507,Stephanie,Rivera,1991-10-14,F,+1-603-526-9381x604,Nurse Administrator,DEP-014,2003-03-15
NUR-767267,Nathaniel,Adams,1972-08-12,M,+1-305-214-9946,CRNA,DEP-001,2000-07-12
NUR-767328,Anne,Walker,1999-06-05,F,(836)447-6395x812,RN,DEP-020,2016-06-29
NUR-767827,Janet,Thompson,1992-08-10,F,(449)512-1817,Nurse Practitioner,DEP-009,2003-11-02
NUR-767964,Paula,Marsh,1991-08-16,F,315-304-0276,Nurse Administrator,DEP-018,2013-02-16
NUR-768578,Latasha,Coffey,2002-01-11,F,599.778.6319,Nurse Educator,DEP-012,2021-02-10
NUR-768862,Robert,Graham,1988-03-16,M,+1-949-301-6502x4352,Med-Surgical,DEP-002,2020-10-09
NUR-770635,Veronica,Gregory,1980-02-19,F,+1-393-896-9277x8281,Nurse Administrator,DEP-001,2010-01-18
NUR-770636,Cynthia,Fuller,1969-03-26,F,739-900-1026x28535,Nurse Administrator,DEP-010,2007-06-06
NUR-771635,Deanna,Allen,2001-09-22,F,153.117.8935x587,ER,DEP-001,2016-10-09
NUR-771742,Sandra,Lee,1992-08-05,F,001-436-572-1551x824,Nurse Educator,DEP-015,2019-07-18
NUR-771998,Victoria,Gutierrez,1979-06-28,F,001-900-266-5350x075,Nurse Informaticist,DEP-015,2012-06-02
NUR-772432,Emily,Pennington,1994-06-03,F,+1-601-427-9656x2948,Nurse Administrator,DEP-007,2008-07-28
NUR-772807,Tammy,Brown,1963-01-05,F,006-833-6505x0054,ER,DEP-001,2005-02-16
NUR-773730,Sarah,Barton,1966-03-26,F,+1-023-518-2146x186,RN,DEP-001,2006-09-01
NUR-774199,Jennifer,Weber,1970-05-01,NB,001-865-479-3729x075,ER,DEP-001,2015-02-21
NUR-774359,Dawn,Melendez,1978-07-25,F,+1-560-372-4493x008,Nurse Informaticist,DEP-020,2009-01-01
NUR-776281,Michele,Rivera,2001-09-15,F,(640)095-4132x946,Nurse Administrator,DEP-020,2004-10-28
NUR-776766,Jillian,Shepard,1969-09-17,F,+1-253-607-2760,Nurse Practitioner,DEP-011,2007-08-04
NUR-776836,Sandra,Obrien,1974-01-07,F,330-798-3627,Midwife,DEP-009,2021-01-04
NUR-778096,Sharon,Davenport,1978-02-10,F,+1-292-897-5412x619,Nurse Informaticist,DEP-006,2014-08-30
NUR-780574,April,Bryan,1972-12-30,F,606-640-8078x68221,Midwife,DEP-009,2015-08-25
NUR-781151,Tammy,Gonzalez,1988-07-22,NB,+1-511-723-5828x4477,Midwife,DEP-009,2000-04-01
NUR-783088,Tonya,Reynolds,1999-02-19,F,189.559.2392x15182,CRNA,DEP-002,2002-05-04
NUR-784316,Laura,Johnson,1966-06-26,F,705-500-7953,Nurse Practitioner,DEP-012,2021-01-03
NUR-785390,Monica,Green,1977-05-14,F,001-332-956-0959x806,ER,DEP-001,2016-04-03
NUR-787769,Samantha,Smith,1973-08-06,F,610-996-0615,Med-Surgical,DEP-004,2000-09-11
NUR-788155,Damon,Mccann,1989-04-29,M,657.025.2134,Oncology Nurse,DEP-010,2017-07-06
NUR-788307,Traci,Taylor,1977-06-24,F,(102)688-9119x586,Nurse Administrator,DEP-002,2010-07-27
NUR-790589,Donald,Morrison,1984-11-26,M,384-595-8362x069,Nurse Administrator,DEP-003,2019-10-04
NUR-790842,Katrina,Simmons,2001-01-26,F,0340162829,ER,DEP-001,2016-03-11
NUR-791514,Angel,Moore,1987-05-02,F,952.896.4055x28093,RN,DEP-002,2008-04-06
NUR-791715,Jacqueline,Trevino,1969-11-12,F,434-470-8446,Midwife,DEP-009,2010-05-23
NUR-793510,Cassie,Anderson,1986-03-15,F,2249623752,Nurse Educator,DEP-001,2004-12-07
NUR-793670,Tammy,Conrad,1975-09-05,F,504-922-3474,Med-Surgical,DEP-002,2021-05-11
NUR-795102,Jordan,Estrada,1995-09-18,M,6118917713,Nurse Educator,DEP-005,2018-01-27
NUR-797220,Kristina,Murillo,1981-09-30,F,418-813-1900x47643,Nurse Informaticist,DEP-006,2004-12-09
NUR-797397,Samantha,Scott,1997-11-03,F,351-932-7202,CRNA,DEP-001,2017-04-02
NUR-797443,Danielle,Yang,1971-07-11,F,749-149-5304x60973,Nurse Informaticist,DEP-007,2014-10-23
NUR-797930,Katherine,Williams,1995-06-23,F,934.725.5538x28831,Oncology Nurse,DEP-010,2003-06-23
NUR-799619,Brian,Lambert,2002-10-09,M,001-390-839-6193x243,Oncology Nurse,DEP-010,2013-05-03
NUR-800730,Deborah,Hernandez,1996-02-09,F,001-292-447-0820x006,CRNA,DEP-020,2016-09-01
NUR-801377,Jessica,Potter,1970-05-19,F,721-422-0108x71482,Nurse Administrator,DEP-016,2001-05-21
NUR-801516,Rose,Lawson,1998-05-29,F,4646898800,Nurse Educator,DEP-001,2026-01-15
NUR-801522,Angela,Estrada,1987-02-17,F,7097809024,ER,DEP-001,2013-07-30
NUR-801824,Tamara,Martin,1988-11-12,F,366-662-1575,CRNA,DEP-018,2020-03-17
NUR-802169,Richard,Hayes,1966-03-31,M,(073)558-5062,Nurse Educator,DEP-005,2021-09-12
NUR-802269,Nicole,Fowler,1997-05-02,F,001-545-237-8262x810,Med-Surgical,DEP-020,2001-12-17
NUR-802875,Michelle,Washington,1977-09-04,F,+1-147-120-7750x0997,Nurse Informaticist,DEP-012,2001-04-27
NUR-803491,Bryan,Nguyen,1964-10-15,NB,2106458712,LPN,DEP-008,2001-01-28
NUR-803894,Lauren,Ruiz,1970-10-07,F,555-973-6135x24813,RN,DEP-016,2007-02-04
NUR-803908,Ashley,Williams,2001-01-04,F,885-330-2807x10352,RN,DEP-016,2015-12-06
NUR-804000,Theresa,Chambers,1993-05-03,F,870.981.0973x9093,CRNA,DEP-018,2000-09-01
NUR-809138,Alison,Elliott,1961-09-08,F,(327)633-2948,Midwife,DEP-009,2024-02-12
NUR-809582,Kristine,Wong,1979-05-24,F,001-915-051-1319,LPN,DEP-006,2012-09-12
NUR-809807,Stacey,Fletcher,1984-12-27,F,845-868-3711x234,Oncology Nurse,DEP-010,2004-12-20
NUR-810032,Kimberly,Bradley,1974-09-03,F,(971)234-9092,RN,DEP-007,2006-03-31
NUR-810514,Wanda,Bush,1976-07-26,F,(333)995-4926x146,Midwife,DEP-009,2016-10-05
NUR-812145,Katelyn,Serrano,1971-11-16,F,664-831-9760,LPN,DEP-019,2019-04-01
NUR-813079,Claudia,Reyes,1998-04-18,F,001-044-999-6571,Midwife,DEP-009,2014-11-11
NUR-814892,Rachel,Thompson,1980-11-03,F,(911)437-2627,Midwife,DEP-009,2017-11-12
NUR-814942,Kristen,Stevens,1964-01-22,F,639-554-0970x0494,CRNA,DEP-002,2016-12-03
NUR-818086,Deborah,Hernandez,1964-05-11,F,001-395-987-1586x786,RN,DEP-002,2003-04-09
NUR-821970,Sandra,Christensen,2003-10-05,F,+1-046-933-4934,Nurse Educator,DEP-007,2018-01-04
NUR-822764,Austin,Zhang,2003-10-07,M,431-878-1584x216,Nurse Practitioner,DEP-013,2005-11-19
NUR-826673,Sheryl,Alvarez,1986-06-24,F,883.852.9865,Med-Surgical,DEP-004,2020-10-03
NUR-828175,Holly,Benitez,1979-08-19,F,001-666-191-3981x467,Oncology Nurse,DEP-010,2016-12-12
NUR-829447,Denise,Gross,1961-05-15,F,+1-537-109-8392,Nurse Administrator,DEP-002,2013-01-17
NUR-829990,Kimberly,Larson,2004-01-17,F,001-212-158-0548x015,CRNA,DEP-002,2017-11-30
NUR-830825,Crystal,Long,1979-01-20,F,(839)159-7916x1244,RN,DEP-020,2009-08-05
NUR-830895,Donna,Orozco,1969-10-28,F,001-860-683-5484,Midwife,DEP-009,2001-09-24
NUR-831239,Alicia,Thornton,1977-02-05,F,101.285.7191,Nurse Educator,DEP-017,2004-07-12
NUR-831690,Stacey,Bowers,1965-12-13,F,919-780-0583,ER,DEP-001,2005-02-05
NUR-833226,Dawn,Morrison,1966-11-08,F,991-378-9185x64769,Med-Surgical,DEP-020,2000-06-15
NUR-834493,Rachel,Zamora,1969-03-22,F,+1-958-657-9710,Nurse Practitioner,DEP-016,2014-09-03
NUR-835603,Kathy,Watson,1961-02-13,F,(703)569-7214x387,Oncology Nurse,DEP-010,2010-11-01
NUR-836261,Courtney,Hoffman,1988-11-05,F,512-348-3527x97272,Med-Surgical,DEP-020,2004-10-29
NUR-837703,Beth,Davis,1974-03-11,F,+1-248-448-1588x9990,RN,DEP-003,2000-09-26
NUR-839588,Sharon,Hanson,1964-10-16,F,001-852-118-1942x090,ER,DEP-001,2022-02-16
NUR-840517,Erica,Fields,1967-05-24,F,873.207.5292,Nurse Informaticist,DEP-012,2012-05-05
NUR-840647,Wendy,Acevedo,1968-10-16,F,(047)020-2086,CRNA,DEP-018,2012-03-31
NUR-841204,Dawn,Wilson,1984-01-04,F,317.311.5867,LPN,DEP-008,2018-07-12
NUR-842178,Shannon,Miller,1962-04-23,F,242-442-5335x7703,Midwife,DEP-009,2024-03-19
NUR-842995,Sarah,Brown,2001-06-25,F,(227)326-0661x99636,CRNA,DEP-020,2004-05-06
NUR-843261,Kristin,Nicholson,1977-02-12,F,(785)942-4627x23653,Nurse Administrator,DEP-003,2013-11-04
NUR-844456,Jeremy,Sandoval,1990-07-31,M,251-945-7549,Nurse Administrator,DEP-008,2022-10-07
NUR-845588,Meagan,Perez,1967-02-12,F,001-109-900-0831x288,Nurse Educator,DEP-013,2000-05-04
NUR-846117,Edward,Reed,1987-06-12,M,(312)458-4221x083,Nurse Administrator,DEP-005,2021-06-27
NUR-847046,Carrie,Cooper,1969-07-09,F,(582)469-0016x0910,Midwife,DEP-009,2007-04-17
NUR-847667,Scott,Sanchez,1985-07-03,NB,001-835-970-4391x790,Nurse Practitioner,DEP-017,2002-05-18
NUR-847718,William,Spencer,1986-07-02,M,080-077-3641x6971,LPN,DEP-006,2016-01-18
NUR-848154,Carrie,Murphy,1971-08-29,F,618.212.0427,Nurse Informaticist,DEP-020,2008-02-03
NUR-848832,Abigail,Marsh,1961-04-29,F,(859)683-2605,ER,DEP-001,2000-02-13
NUR-849285,Danny,Myers,1982-12-03,NB,502-411-4972x2742,Med-Surgical,DEP-020,2014-11-18
NUR-849904,Janice,Nelson,1989-10-22,F,539.722.9732,Nurse Educator,DEP-014,2020-05-18
NUR-853260,Paul,Barnes,1974-01-14,M,(459)193-6787x02949,CRNA,DEP-001,2000-04-01
NUR-856917,Molly,Bailey,2002-12-15,F,(029)222-2337,Midwife,DEP-009,2014-01-16
NUR-857489,Erin,Smith,1963-10-16,F,025-696-1830,Midwife,DEP-009,2007-02-08
NUR-857958,Julie,Sellers,1986-01-27,F,994.123.2861,Med-Surgical,DEP-004,2006-08-13
NUR-858296,Jocelyn,Beard,1977-08-15,F,001-744-107-7665,Nurse Informaticist,DEP-020,2018-06-25
NUR-858932,Amber,Miles,1974-03-14,F,520-814-5816x0792,ER,DEP-001,2020-09-02
NUR-858983,Pamela,Blanchard,1995-05-04,F,(171)064-7799x05482,Midwife,DEP-009,2016-09-12
NUR-859138,Catherine,Martinez,1995-09-21,F,5959247060,Nurse Administrator,DEP-005,2009-11-09
NUR-859156,Annette,Jackson,1977-05-20,F,(571)081-7543x966,CRNA,DEP-002,2013-09-11
NUR-859701,Erin,Jones,2000-11-26,F,(896)196-6140x0165,RN,DEP-009,2024-09-25
NUR-860507,Adriana,Williams,1987-09-26,F,(579)840-1210,Nurse Administrator,DEP-006,2024-10-17
NUR-860562,Michael,Weaver,1982-07-14,M,387-468-1293,CRNA,DEP-018,2017-02-18
NUR-862202,Melanie,Boyd,1973-02-23,F,785.167.1345x94505,ER,DEP-001,2000-05-10
NUR-863479,Jessica,Williams,1981-04-27,F,001-147-311-6302x967,ER,DEP-001,2009-10-15
NUR-870439,Mary,Burton,2002-11-05,F,001-251-486-1338x554,Midwife,DEP-009,2004-08-14
NUR-871418,Kristen,Hoover,2000-01-11,F,432.106.5774x2543,RN,DEP-012,2025-01-19
NUR-872118,Mary,Mcconnell,2002-08-01,F,622-595-2942,Oncology Nurse,DEP-010,2017-02-25
NUR-873178,Brittany,Nguyen,1991-04-09,F,+1-874-196-9991x3522,Nurse Educator,DEP-017,2019-04-30
NUR-875875,Nicole,Goodman,2000-07-02,F,282-323-2203,ER,DEP-001,2017-02-26
NUR-877767,Samantha,Fritz,1974-04-13,F,001-411-129-1358x423,Nurse Practitioner,DEP-014,2012-09-12
NUR-879844,Martha,Rodriguez,1974-10-08,F,329-238-4228,ER,DEP-001,2004-07-07
NUR-880291,Veronica,Lee,1981-03-05,F,017.408.4784,Midwife,DEP-009,2013-06-22
NUR-881563,Erica,Hobbs,1969-01-06,F,(489)101-4663x8740,RN,DEP-009,2025-11-10
NUR-882163,Lisa,Nolan,1974-12-27,F,273.141.2489,Nurse Administrator,DEP-002,2019-06-10
NUR-882750,Timothy,Houston,2000-05-25,M,+1-925-335-0006x4424,ER,DEP-001,2019-09-12
NUR-884664,Anne,Flores,1980-01-19,F,227.393.8489x830,Nurse Administrator,DEP-020,2005-07-07
NUR-886338,Bradley,Herrera,1981-04-06,M,(092)494-1157x86850,Nurse Administrator,DEP-007,2020-11-15
NUR-888342,Marisa,Hughes,1993-02-24,F,765.335.3529,Midwife,DEP-009,2004-08-25
NUR-889225,Makayla,Smith,2002-05-13,F,(346)678-2726x287,Nurse Administrator,DEP-019,2015-03-21
NUR-890427,Paul,Lewis,1971-06-27,M,510.409.3485x14276,Oncology Nurse,DEP-010,2001-06-12
NUR-891003,Brianna,Scott,1967-08-23,F,+1-409-137-4974x7250,RN,DEP-016,2016-11-20
NUR-891064,Austin,Parker,2000-02-04,M,177-731-5506,Midwife,DEP-009,2006-08-10
NUR-892353,Roberta,Little,1985-01-15,F,900.626.7731,RN,DEP-016,2002-09-14
NUR-893669,Christina,French,1998-01-30,F,1711786480,Nurse Educator,DEP-018,2019-10-23
NUR-893692,Marissa,Robinson,2001-11-20,F,001-428-277-7173x715,ER,DEP-001,2003-07-02
NUR-897254,Yolanda,Harris,1991-03-23,F,001-564-297-9032x844,RN,DEP-015,2005-07-03
NUR-898120,Tamara,Simpson,1963-03-14,F,+1-830-090-9503x8318,Oncology Nurse,DEP-010,2014-03-24
NUR-900946,Debra,Mclaughlin,1970-03-26,F,(927)733-1218x47622,RN,DEP-019,2017-02-25
NUR-900951,Cheryl,Brown,1976-03-20,F,(401)321-0210x71512,Nurse Administrator,DEP-011,2000-08-20
NUR-901032,Natalie,Moore,1986-09-23,F,(438)069-0155,Nurse Informaticist,DEP-019,2019-12-06
NUR-903237,Jennifer,Black,2004-06-23,F,264-613-2321,Nurse Administrator,DEP-005,2018-01-17
NUR-903458,Ashley,Johnson,1965-01-19,F,142-430-6363x0727,Nurse Informaticist,DEP-013,2005-12-22
NUR-903663,Melissa,West,2002-05-29,F,095.019.3541,Oncology Nurse,DEP-010,2016-08-26
NUR-904868,Melanie,Barnes,1988-08-13,F,789.302.2136x43615,ER,DEP-001,2026-04-20
NUR-905378,Christine,Winters,2001-12-11,F,959-419-2047x0804,Nurse Informaticist,DEP-012,2021-05-21
NUR-905391,Jose,Gonzalez,1969-06-11,M,+1-832-847-7624x4139,Nurse Educator,DEP-016,2008-04-03
NUR-909459,Deborah,Stanton,1969-01-10,F,001-687-687-5563x672,LPN,DEP-013,2017-04-03
NUR-909918,Colin,Watts,1979-10-24,NB,987-580-4000x841,Oncology Nurse,DEP-010,2003-06-07
NUR-910217,Haley,Faulkner,1965-01-18,F,+1-400-348-0036,Nurse Educator,DEP-017,2001-01-18
NUR-911397,Kristine,Lopez,1984-05-08,F,(553)232-2022,Oncology Nurse,DEP-010,2019-12-09
NUR-912511,Jennifer,Wu,1961-10-26,F,001-935-142-1603x915,CRNA,DEP-020,2005-06-15
NUR-914050,Anna,Shepherd,1996-02-04,F,1548814019,Midwife,DEP-009,2023-03-23
NUR-914937,Lori,Beltran,1997-03-01,F,943.453.5127x25129,Midwife,DEP-009,2004-05-14
NUR-916315,Mary,Gamble,1999-06-09,F,(587)092-9060x18723,Nurse Administrator,DEP-019,2017-06-15
NUR-916765,Dana,Alexander,1961-05-30,F,216.010.3314x005,ER,DEP-001,2013-04-26
NUR-918326,Donna,Munoz,1998-04-05,F,(107)030-3789x7171,Nurse Administrator,DEP-010,2014-12-20
NUR-919772,Lauren,Bowers,1964-02-12,F,(860)557-7610,RN,DEP-011,2015-02-06
NUR-919894,Rebecca,Rhodes,1987-03-31,F,(046)108-4212,Nurse Administrator,DEP-017,2024-09-28
NUR-920145,Christopher,Bell,1972-05-21,NB,(145)925-3620,Nurse Practitioner,DEP-003,2020-02-28
NUR-920863,Carrie,Horton,1982-01-03,F,(346)157-8854x367,Nurse Educator,DEP-009,2002-06-14
NUR-921048,Nicole,Robinson,1994-05-07,F,141-780-7391x363,RN,DEP-016,2001-02-07
NUR-925601,Jon,Petersen,1968-09-14,NB,971.895.2783,Med-Surgical,DEP-001,2023-04-26
NUR-926624,Monica,Shaw,1992-05-15,F,545-052-9651,Nurse Informaticist,DEP-008,2019-06-19
NUR-926786,Jessica,Cain,1991-02-23,F,+1-271-515-0943x885,Med-Surgical,DEP-004,2018-11-04
NUR-929014,Angela,Todd,1996-10-02,F,001-904-080-8149,Midwife,DEP-009,2005-09-16
NUR-929579,Tina,Perry,1983-12-25,F,865-086-6041x616,CRNA,DEP-002,2014-03-20
NUR-929638,Michael,Reeves,1982-06-23,M,018-979-5035,Nurse Practitioner,DEP-008,2001-04-19
NUR-930173,Carol,Rangel,1962-02-09,F,456.638.9742x70998,Oncology Nurse,DEP-010,2013-03-01
NUR-931056,Brenda,Wilson,1994-01-21,F,001-850-336-0048x761,LPN,DEP-014,2022-03-19
NUR-931497,Angela,French,1986-01-22,F,718-428-0489,ER,DEP-001,2010-05-10
NUR-932067,Charlotte,Flores,1987-09-30,NB,653.078.8656x515,Nurse Administrator,DEP-020,2021-10-24
NUR-932719,Michael,Sims,1968-08-01,M,001-024-376-0607x394,Oncology Nurse,DEP-010,2006-08-20
NUR-932972,Maria,Green,1961-07-27,F,(762)211-7588x100,ER,DEP-001,2011-12-17
NUR-933568,David,Wells,1996-01-16,M,(086)432-2343x6961,Midwife,DEP-009,2001-10-10
NUR-934300,Kathleen,Ross,1980-06-10,F,875.014.7306,Nurse Informaticist,DEP-004,2003-11-07
NUR-935444,Darlene,Stanley,1992-11-03,F,001-712-616-6474x277,Nurse Educator,DEP-002,2010-09-07
NUR-935629,Samantha,Harris,1982-10-21,F,105.558.8492,Nurse Administrator,DEP-020,2019-04-30
NUR-935751,Brenda,Melendez,1960-11-16,F,(768)709-5492x7480,Oncology Nurse,DEP-010,2020-05-11
NUR-937976,Samantha,Sawyer,1970-11-27,F,+1-635-119-9264x314,ER,DEP-001,2009-11-23
NUR-940600,William,Jones,1982-08-03,M,001-160-490-2343x306,CRNA,DEP-001,2001-01-23
NUR-941486,Tina,Kennedy,1994-01-05,F,021-997-6200x55930,Midwife,DEP-009,2006-06-06
NUR-942035,Kathryn,Johnson,1988-11-02,F,(441)350-8685x129,RN,DEP-016,2025-01-06
NUR-943577,Andrea,Lee,1961-02-06,F,001-025-776-0693x834,Nurse Practitioner,DEP-006,2001-08-24
NUR-943613,Linda,Torres,1964-10-10,F,546.291.4253,Nurse Educator,DEP-016,2015-12-04
NUR-944405,Amanda,Bright,1992-06-12,F,(669)601-9199x474,RN,DEP-016,2016-03-18
NUR-946069,Stacey,Nelson,2003-04-29,F,001-927-470-1131x252,Nurse Administrator,DEP-015,2007-12-05
NUR-946975,Beth,Anderson,1969-05-11,F,+1-316-249-7834,LPN,DEP-020,2006-10-11
NUR-948715,Ashley,Mitchell,1980-01-28,F,+1-340-014-4970x469,Med-Surgical,DEP-020,2012-05-21
NUR-949626,Michelle,Snow,1982-07-10,F,(901)721-0343,RN,DEP-017,2002-04-22
NUR-951677,Jesse,Russell,1984-05-28,M,484.642.6785x38667,RN,DEP-009,2013-04-15
NUR-952982,Reginald,Randall,1984-07-17,M,538-511-7367x1084,Nurse Educator,DEP-007,2006-10-03
NUR-953159,Pamela,Santana,1963-08-28,F,328.078.3412,Nurse Practitioner,DEP-018,2004-08-29
NUR-955361,Kathryn,Hartman,1982-03-11,F,528-635-2939x90569,Med-Surgical,DEP-001,2007-04-09
NUR-956609,Karen,Holt,1977-12-05,F,001-218-857-5856,Nurse Administrator,DEP-019,2018-02-10
NUR-958269,Lorraine,Olsen,1970-10-18,F,001-215-771-1413x802,Midwife,DEP-009,2025-04-15
NUR-958495,Crystal,Valdez,1999-12-03,F,001-414-269-9712,CRNA,DEP-002,2013-04-02
NUR-959042,Melissa,Stewart,1996-06-06,F,+1-878-356-3592x826,Nurse Educator,DEP-004,2009-11-11
NUR-960099,Kayla,Wheeler,1994-05-13,F,001-066-866-5899x446,Oncology Nurse,DEP-010,2023-12-21
NUR-960643,Ashley,Conner,1993-05-08,F,(607)136-6927,RN,DEP-005,2012-01-02
NUR-963018,Jessica,Holmes,1998-02-13,F,(687)188-1521x98735,Oncology Nurse,DEP-010,2004-02-29
NUR-965619,Stefanie,Downs,1992-01-17,F,2895009469,Med-Surgical,DEP-020,2013-01-17
NUR-968214,Kevin,Young,1985-05-26,NB,+1-431-428-6846x789,Oncology Nurse,DEP-010,2006-01-14
NUR-968257,Kimberly,Jones,1971-12-16,F,6152596466,Oncology Nurse,DEP-010,2000-07-21
NUR-968682,Jamie,Thompson,1969-10-26,NB,001-195-402-5685x652,ER,DEP-001,2024-01-08
NUR-969042,Cassandra,Wood,1974-02-05,F,266-340-8473,Nurse Practitioner,DEP-011,2011-11-12
NUR-970298,Stephen,Zamora,1973-04-08,M,001-057-226-1724x681,Nurse Educator,DEP-002,2025-12-30
NUR-970463,Melanie,Armstrong,1997-07-04,F,061-448-4085x165,LPN,DEP-010,2003-05-14
NUR-970683,Robert,Yang,1967-07-24,M,674-732-4887x739,Med-Surgical,DEP-002,2015-08-05
NUR-974204,Alexis,Mcgrath,2000-09-16,F,+1-342-510-2547,LPN,DEP-016,2017-08-28
NUR-974369,Laura,Murphy,2001-05-30,F,001-776-635-9095x221,LPN,DEP-015,2000-05-25
NUR-974629,Kristen,Holden,1995-03-30,F,707.348.3448x662,LPN,DEP-005,2020-05-08
NUR-975150,Kristen,Pearson,1997-07-08,F,0513839244,Nurse Educator,DEP-002,2011-05-08
NUR-976857,Stephanie,Abbott,1996-12-26,F,(466)056-1688x306,Nurse Administrator,DEP-020,2008-02-19
NUR-977457,Michelle,Benjamin,1984-01-31,F,653-207-2281x7085,Nurse Administrator,DEP-011,2022-03-03
NUR-980323,Samuel,Guerrero,1962-05-19,NB,502-513-7779,Nurse Informaticist,DEP-005,2012-06-26
NUR-980397,Jennifer,Hughes,1985-01-16,F,(958)974-0533x66850,LPN,DEP-016,2020-05-21
NUR-980913,Jose,Harris,1995-05-30,NB,001-414-769-6609x564,ER,DEP-001,2008-04-09
NUR-980944,Tammy,Morris,1963-06-05,F,001-272-201-9196x116,RN,DEP-008,2013-10-21
NUR-981020,Victoria,Nichols,1989-11-20,F,948-946-6533x6930,Midwife,DEP-009,2017-11-27
NUR-985610,Tracy,King,1986-01-02,F,304.992.3162,RN,DEP-003,2001-02-24
NUR-988434,Evan,Mcpherson,1970-08-13,M,(610)654-9660,Oncology Nurse,DEP-010,2017-11-04
NUR-988579,Michelle,Jones,1995-10-16,F,361-762-6956x9162,Nurse Informaticist,DEP-005,2023-06-20
NUR-988804,Alexandra,Edwards,1978-05-01,F,(285)850-2871x267,Nurse Administrator,DEP-003,2014-03-26
NUR-989459,Tiffany,Black,2002-06-19,F,+1-175-140-3334,CRNA,DEP-001,2002-09-23
NUR-989744,Stephanie,Johnson,1994-08-17,F,+1-245-352-4195x2587,Med-Surgical,DEP-001,2008-04-29
NUR-989990,Kathryn,Griffin,2003-04-21,F,6143673002,Nurse Educator,DEP-013,2004-10-24
NUR-990707,Brandy,Hampton,1991-01-06,F,323.912.5402,Nurse Administrator,DEP-018,2002-11-05
NUR-991905,Mary,Yang,1966-12-13,F,366-809-0065x860,ER,DEP-001,2008-09-10
NUR-992407,Lauren,Hernandez,1987-07-31,F,(461)562-2886x259,CRNA,DEP-002,2012-10-17
NUR-992720,Monica,Peterson,1996-03-17,F,(642)100-4255x5267,ER,DEP-001,2011-03-19
NUR-993888,Michael,Ray,2001-12-18,M,516.631.9870,Nurse Administrator,DEP-010,2022-07-08
NUR-994986,Jennifer,Hawkins,1963-03-14,F,+1-076-399-9162,Nurse Administrator,DEP-015,2017-01-06
NUR-997252,Susan,Smith,1991-02-11,F,7075792259,ER,DEP-001,2025-08-01
NUR-997761,Nicole,Turner,1994-01-19,F,265-492-1412x1361,Med-Surgical,DEP-001,2006-10-30
NUR-998893,Brittany,Matthews,1991-09-25,F,627-161-2424x0704,CRNA,DEP-001,2019-08-05
NUR-999044,Deborah,Lane,1993-08-08,F,+1-363-191-0213x371,ER,DEP-001,2004-09-23
NUR-999332,Elaine,Crawford,1991-03-28,F,752-523-5621,Nurse Administrator,DEP-008,2003-04-05
NUR-999574,Cheryl,Herrera,1981-04-07,F,001-082-858-9312,LPN,DEP-018,2011-12-31
